gene_symbol,GSM3068464,GSM3068465,GSM3068466,GSM3068467,GSM3068468,GSM3068469,GSM3068470,GSM3068471,GSM3068472,GSM3068473,GSM3068474,GSM3068475,GSM3068476,GSM3068477,GSM3068478,GSM3068479,GSM3068480,GSM3068481,GSM3068482,GSM3068483,GSM3068484,GSM3068485,GSM3068486,GSM3068487,GSM3068488,GSM3068489,GSM3068490,GSM3068491,GSM3068492,GSM3068493,GSM3068494,GSM3068495,GSM3068496,GSM3068497,GSM3068498,GSM3068499,GSM3068500,GSM3068501,GSM3068502,GSM3068503,GSM3068504,GSM3068505,GSM3068506,GSM3068507,GSM3068508,GSM3068509,GSM3068510,GSM3068511,GSM3068512,GSM3068513,GSM3068514,GSM3068515,GSM3068516,GSM3068517,GSM3068518,GSM3068519,GSM3068520,GSM3068521,GSM3068522,GSM3068523,GSM3068524,GSM3068525,GSM3068526,GSM3068527,GSM3068528,GSM3068529,GSM3068530,GSM3068531,GSM3068532,GSM3068533,GSM3068534,GSM3068535,GSM3068536,GSM3068537,GSM3068538,GSM3068539,GSM3068540,GSM3068541,GSM3068542,GSM3068543,GSM3068544,GSM3068545,GSM3068546,GSM3068547,GSM3068548,GSM3068549
ABCB1,9.061,8.0257,8.5637,6.8814,5.7214,6.4253,8.6957,5.839,5.7053,5.6381,6.2455,9.0669,8.7536,7.3221,4.2428,5.6301,8.238,9.0968,7.2089,6.6597,6.6563,8.9812,6.9582,6.9106,4.5814,8.7669,7.8668,8.283,7.3044,9.1573,8.7103,9.0897,9.2784,4.1318,9.2075,6.529,8.3793,9.1967,8.6716,8.4455,9.3655,5.8295,8.0574,5.261,8.6804,4.2254,8.2809,7.9043,8.9481,7.605,4.6779,8.5637,8.8855,4.4623,7.7044,6.824,6.7636,8.7446,8.2034,5.3968,7.6666,8.4548,7.3135,8.5852,8.0408,7.5288,6.9969,6.8405,8.5283,9.0334,8.4477,6.9787,6.6797,7.7496,8.8583,6.6153,7.0514,8.6567,7.5141,8.5117,8.1868,4.3441,8.3375,8.7488,3.4807,8.8303
ABCG2,10.4301,9.5001,9.4714,8.3559,7.879,8.0749,10.0072,7.9217,8.9586,7.2037,7.6975,10.0269,9.543,8.6411,6.3608,8.4074,9.2309,9.8793,8.9927,8.6901,8.7637,9.6981,7.4008,8.6922,6.5675,9.6673,8.938,9.4477,9.4277,10.3771,9.7361,10.5109,9.7213,5.4222,9.5509,9.2067,8.8767,10.219,9.8578,9.766,9.8888,8.2101,9.0586,5.9369,9.5993,4.7021,9.7589,9.0163,9.7748,8.6977,6.2145,9.7133,9.7466,6.1262,9.0588,7.7951,7.6352,9.3727,9.9191,5.6209,8.8619,9.3613,8.2736,9.6525,9.378,8.8566,10.0034,8.2542,9.2732,9.991,9.6792,8.2483,8.7102,9.1593,9.7027,8.4342,8.9699,9.7265,8.2184,9.5755,9.7029,7.2711,9.7241,9.966,5.2401,9.666
ACE,8.5794,8.0195,8.4307,6.4272,5.2649,5.6755,9.6649,6.7951,4.6728,4.8345,7.0011,8.8239,8.9776,6.8963,4.2297,7.5209,7.945,8.7149,4.7724,6.6184,5.6597,8.6399,5.0859,7.6067,4.3455,9.6533,8.037,8.038,7.1192,8.4341,8.8557,9.1665,9.1108,4.8312,9.0248,7.6527,7.4919,8.5859,8.8965,9.0287,9.2799,4.731,7.0964,5.1939,7.5946,4.8402,8.5245,7.3874,8.2479,7.55,4.4453,8.6925,7.9579,4.7223,5.8255,4.7443,6.1743,8.5386,7.3557,4.9965,6.3959,8.4422,7.2252,8.008,8.6305,7.7161,5.7847,7.1611,7.6307,8.8619,8.7783,7.3904,5.2633,8.806,8.9265,7.4157,7.4535,8.0741,5.5141,9.4569,5.9283,4.8924,7.8119,8.4919,4.7269,9.0898
ACE2,11.1851,10.0157,10.5721,9.897,8.3597,9.3895,10.6118,9.7625,5.8013,9.0124,9.3365,10.5971,10.2405,10.076,9.1866,9.4965,10.0364,11.3198,8.1411,10.2228,9.5996,10.7539,8.383,9.9468,8.4091,11.1387,10.3985,10.3781,9.3933,11.3339,10.8698,11.2871,10.9357,3.3771,10.4637,9.7732,9.9037,11.2587,10.9928,10.3572,10.7469,7.9569,10.0521,7.3434,10.101,6.6821,10.551,9.9487,10.2758,9.9523,3.5776,10.3661,10.5682,6.6341,10.0787,9.4702,9.2079,10.6198,10.1871,8.1514,10.2418,10.5737,10.0292,10.6565,10.8739,10.176,8.3241,9.7497,10.6425,11.0891,11.08,9.3697,9.3198,10.5741,10.8591,9.4489,9.9618,10.6112,9.4732,10.3528,9.7924,6.7985,10.6263,10.5915,6.8962,10.872
ADCY9,6.1476,6.2149,6.0393,5.4644,5.4098,5.4046,6.4313,4.9539,6.0047,5.408,4.9228,6.2292,6.1096,5.3347,4.9467,5.6648,5.301,6.688,6.0399,4.0857,4.3774,6.2926,5.5518,5.5846,4.9314,5.6397,6.0066,6.5996,5.8728,6.2132,5.9346,7.2438,6.7236,5.2956,5.8952,5.6991,5.3602,6.3024,6.2966,5.4305,6.9424,5.3268,5.016,5.6971,6.227,5.8504,6.2808,5.4738,5.216,5.5442,4.9236,5.7058,5.8047,4.887,5.4019,5.8814,5.2119,6.151,4.9837,4.3374,4.7227,5.3141,5.7702,4.9772,6.4747,5.9541,6.3421,4.8818,5.8655,6.3237,6.6778,5.3444,5.4142,5.9562,6.5089,5.0845,4.8398,4.9726,5.5715,6.6082,5.9732,5.5584,6.0468,6.9689,5.382,5.7602
ALDH2,10.2083,9.8707,9.9525,10.0903,9.2995,10.075,10.3327,9.8559,9.9364,10.2496,9.8294,10.0881,10.0059,10.1832,10.715,10.8479,9.7278,10.4907,10.2941,10.118,10.4511,9.7175,10.21,10.3809,10.4164,10.0693,10.1163,10.1641,9.8435,9.9442,10.1035,10.2411,10.1689,8.3315,10.0712,10.0823,9.6406,10.2414,10.1848,10.1389,9.8228,10.9266,10.2313,10.0964,10.2726,10.2426,10.1514,9.866,9.9944,10.0659,9.4648,9.9535,10.0672,10.1902,9.9642,10.3595,9.179,10.316,10.215,10.3313,9.9668,10.0648,10.3396,10.212,10.4299,10.1696,10.2298,9.9219,9.9614,10.1892,9.9494,9.9641,10.441,10.3353,10.183,10.1058,9.9539,10.1777,10.6603,10.3055,10.3936,10.5985,9.6458,9.8326,10.2015,10.14
ANKS4B,7.7383,7.3522,7.6305,6.6873,4.8649,6.9989,7.7159,6.5889,6.9674,6.6098,6.8202,7.5733,6.9994,7.0753,6.2948,6.7272,7.1431,7.5709,7.2678,7.3718,7.7213,6.7178,7.5467,7.3705,6.6745,7.751,7.456,7.2827,7.2853,8.3742,8.1009,8.0691,7.4698,2.8783,7.2777,7.9938,7.0292,8.1104,7.9652,7.2772,7.972,6.3604,7.6634,6.8347,7.7853,6.2336,7.6511,6.3953,7.7838,6.6563,2.6396,7.2048,7.6169,5.6671,7.3263,7.3797,4.7823,7.6554,7.8708,6.8998,6.3435,6.9817,7.018,7.5646,8.2278,7.4061,7.6734,7.2697,7.7865,7.684,7.8344,6.3611,7.0025,7.687,7.7531,6.3375,6.7608,7.6163,6.6577,7.7399,7.8881,4.6019,7.379,7.2263,6.6363,7.5498
ANO10,9.4337,9.0071,9.3622,8.9916,8.5507,9.6034,9.5357,8.7365,9.533,8.7589,8.5279,9.3953,9.3832,8.9274,8.3713,8.9547,8.8452,9.5269,9.1683,8.7506,9.2715,9.2827,9.1624,8.9356,8.7212,9.2475,8.9874,9.2708,8.528,9.3596,9.4098,9.3274,9.4105,8.2514,9.131,9.4325,9.1114,9.3041,9.7139,9.1066,9.5333,8.9205,9.3539,8.6358,9.4469,8.4714,9.7835,9.1737,9.5313,8.5834,8.1379,9.0882,9.1738,8.3967,8.892,9.0499,8.0565,9.3917,9.5728,8.4035,8.6298,8.9417,9.2607,9.1186,9.3665,9.1974,9.1391,9.0822,9.5269,9.6975,9.1427,8.9549,9.1779,9.2764,9.543,9.0181,8.7532,9.2205,9.1912,9.5526,9.4719,7.549,8.8319,9.5505,9.1384,9.236
ANPEP,12.0507,11.4041,11.6229,10.9629,10.3566,11.1084,12.0099,10.9767,10.1485,10.7767,11.3725,11.5056,11.8637,11.2062,7.281,11.2363,11.1397,11.7625,9.3501,10.9332,11.5386,11.5154,8.9052,11.6007,9.8064,12.3214,11.2874,11.6103,10.9216,11.9427,11.0286,11.6566,12.1191,8.7889,11.5807,11.3039,11.3314,11.5329,11.9627,11.672,12.1128,10.1411,11.0787,9.2279,11.6582,7.3357,11.5524,11.0337,11.1786,11.6391,6.705,11.5779,11.94,7.6743,11.1209,10.4623,11.0959,11.7454,11.3973,9.3338,10.936,11.8271,12.1948,11.3328,11.7027,11.5282,9.5413,11.2627,11.3198,12.154,12.1306,10.8738,11.5,12.0743,11.8911,11.0976,11.1387,11.1593,10.405,12.3947,11.07,8.137,11.0256,11.4857,8.5243,11.7976
APOA1,12.9675,10.7124,11.9507,9.9882,6.4805,9.0046,11.0298,9.4142,6.0502,6.1108,7.2928,12.2584,11.5701,7.0598,5.4496,9.7631,10.6603,11.2939,5.8886,9.1277,5.7681,11.4962,5.6032,8.627,6.0849,11.7745,9.9908,10.616,9.6315,12.6372,11.1625,13.0561,11.8106,4.9948,11.3313,10.0098,8.2567,11.789,12.7875,11.1935,12.3056,4.7707,10.0566,5.3428,10.4215,5.4018,11.302,10.0726,10.8707,9.9044,5.4558,10.3361,10.7168,5.078,9.6153,5.5063,10.8104,10.636,11.5791,5.3523,9.1445,11.6336,9.189,11.19,10.6517,10.0445,6.2115,9.0867,9.2564,11.1563,11.9477,10.5243,7.1262,10.4714,11.2753,8.6729,10.6835,10.7071,6.001,12.6151,9.5105,4.8415,11.3458,10.9943,5.5013,12.1526
APOA4,12.187,10.4892,10.8299,9.9347,8.0399,10.0437,10.1683,10.2905,7.0379,7.3483,8.5382,12.2544,10.5136,7.6973,5.8793,10.7521,9.1008,10.2153,6.4204,9.4142,6.8944,10.5412,6.5585,10.3036,5.9075,10.2278,9.4068,10.6153,10.0783,11.2726,10.7819,12.4783,10.0907,6.5534,10.5392,9.5675,7.6906,11.0901,10.8811,10.2808,10.5843,5.9163,9.5126,6.4836,11.2813,6.2891,10.5149,10.1423,10.3516,9.4184,5.9657,10.0136,10.8337,6.3562,10.5371,6.4548,10.3223,10.0219,10.3916,6.0212,8.4537,11.2448,10.3208,11.0656,9.6108,10.2033,6.3735,8.6709,9.4659,10.2775,10.6759,10.4294,8.6973,10.6725,10.705,9.1637,10.3683,10.7731,7.0696,11.7561,8.9078,6.6111,10.0286,10.1161,6.8535,11.1344
APOB,13.1156,12.1875,12.5331,11.5802,9.717,11.1804,12.7215,11.0026,5.8134,9.2128,9.9137,13.0867,12.5095,10.4453,5.514,11.4722,12.0459,12.5981,4.33,11.1224,9.7617,12.4592,5.4021,11.2294,7.0034,12.7633,11.8229,12.2825,11.3251,12.6312,11.4568,13.0963,13.1113,5.1667,12.3336,10.8732,10.9476,12.7689,13.1999,12.6093,13.3311,5.2795,10.9537,4.8841,12.2874,4.0901,12.5695,11.5054,11.6696,11.8093,5.6796,12.366,12.4054,5.024,11.1264,6.7346,11.6101,12.2927,11.705,6.8712,11.4031,12.3331,12.0376,12.5443,12.0302,11.717,6.8552,11.3418,12.2372,13.0421,12.8108,11.2179,10.3982,12.0429,13.049,11.005,11.8163,12.3072,7.2767,13.0108,10.5718,4.3278,12.3505,12.9454,4.482,12.4932
ASPA,9.0089,7.0461,7.8561,6.6537,4.1429,7.8496,9.2741,5.459,4.5396,4.9711,4.8194,8.9081,8.6676,6.7556,6.1879,6.1104,8.0853,8.8101,5.4066,6.4049,5.1305,8.8417,5.7639,6.0632,5.594,8.9198,7.8132,8.5337,6.6237,8.9149,9.2427,9.3009,9.4681,4.1025,7.8542,8.1325,7.6088,9.0186,9.0289,9.2291,8.9024,5.6175,6.5213,4.8329,8.8118,5.1109,8.9889,6.9057,8.0054,7.1311,4.0516,8.396,8.3669,4.5206,6.1756,5.7383,5.59,8.2701,8.3026,6.0187,7.5735,7.5056,6.4273,8.6697,8.6228,7.0942,5.3019,6.9462,8.7023,9.2502,9.06,6.647,5.3985,8.6915,8.6687,6.0353,6.4603,8.9591,5.8568,8.4656,7.1975,5.163,7.8611,8.833,4.1616,8.491
ASTN2,5.0012,4.6893,4.7007,4.6785,4.2412,4.3284,4.6047,4.421,3.6773,3.952,4.0192,5.4343,5.2629,4.7891,4.6933,5.5014,4.5346,4.3541,5.0791,5.153,4.0859,4.1384,4.483,4.145,4.789,4.653,4.2992,4.9529,4.3268,5.4584,4.5048,5.6551,4.9044,5.2662,3.8472,4.7185,4.8773,5.2127,4.756,4.5688,4.3544,4.6628,4.3852,4.2916,5.5014,5.4645,4.1851,4.5494,4.0472,3.9731,3.8182,4.2605,3.7407,3.9708,4.8443,4.3413,3.7765,4.3977,4.677,4.1078,4.5582,4.0215,4.7556,4.0972,4.2604,4.2233,4.5637,3.4897,4.9426,4.6541,4.986,4.7117,4.6442,3.9751,4.7888,4.0592,4.9671,4.4476,4.1384,4.5597,4.0117,4.4002,4.3883,4.3052,4.5653,4.6567
ATP1A1,10.2709,9.9406,10.4661,10.0165,8.8194,9.8594,10.5103,9.3754,9.6808,9.5069,9.7011,10.2719,10.0881,10.0499,8.9633,9.8035,10.0095,10.6371,9.7451,9.8172,9.9993,10.1406,8.983,10.0356,9.4978,10.4248,9.8049,10.1477,9.7164,10.3079,10.108,10.1967,10.5788,8.054,10.2225,9.4487,9.9971,10.477,10.3896,10.2295,9.9608,9.4612,9.9128,9.3833,10.7225,9.7629,10.4152,9.7554,10.1159,10.0465,8.0313,10.3,10.4659,9.4981,9.4437,9.9391,8.9026,10.1366,9.9833,9.7089,9.7175,10.1507,10.4559,10.2435,10.565,10.3046,10.0151,9.8415,10.0588,11.0004,10.3173,9.3564,9.8082,10.4882,10.471,9.7421,9.5613,10.3326,9.7837,10.3034,9.9706,9.0461,9.904,10.2332,9.5313,10.4522
ATP1B1,9.3135,9.484,9.4724,9.1598,8.9818,8.8742,9.0423,9.2911,9.8406,9.3586,9.1706,9.4867,9.5135,9.0776,9.2248,9.6775,8.5934,9.3969,9.4009,8.7428,9.7008,9.5163,9.6329,9.4494,9.4267,9.28,9.0748,9.2202,9.4032,9.2892,9.2049,9.4022,9.6454,4.3085,9.4968,8.5371,8.4519,9.2906,9.5063,8.8951,9.359,9.302,9.1833,9.7082,9.4251,9.6092,9.495,8.5174,9.6226,9.362,4.9331,9.099,9.5126,9.4543,9.2047,9.1614,8.1724,9.7165,9.5253,9.0448,8.4926,9.4305,10.0978,9.344,9.3578,9.2054,9.5724,9.1091,8.7376,9.7256,9.1413,9.2446,9.6421,9.1005,9.4766,9.5879,9.2299,8.8971,9.6752,9.8845,9.1906,9.6044,8.4858,9.7741,8.8678,9.406
BPHL,8.9849,8.0535,8.4504,7.8703,6.7952,8.0793,8.347,7.7406,7.8695,7.5718,7.4906,8.7803,8.5109,7.6977,7.3876,7.7667,7.9143,8.4494,7.6955,7.6678,7.5763,8.2546,7.9485,7.7473,7.5864,8.7363,8.0477,8.3366,7.819,8.7125,8.7834,8.5454,8.6697,6.6823,8.6137,8.0437,7.8762,8.3643,8.5663,8.2094,8.7529,7.51,7.7741,7.2823,8.1269,7.3821,8.4537,7.8647,7.9313,7.4823,6.4765,8.4226,8.4919,6.7223,8.0003,7.5212,7.0166,8.2738,8.4947,7.1544,7.3926,8.1632,7.6684,8.6806,8.2652,8.037,7.6488,7.5283,8.2602,8.7589,8.9155,7.6794,7.6014,8.5476,8.8942,7.0174,7.9332,8.2448,7.3535,8.6794,7.4945,7.1447,7.8201,8.5319,6.8418,8.638
BTNL8,9.767,9.5089,9.5825,8.7901,4.7897,8.4285,9.6534,8.3431,8.4299,8.5292,9.0245,9.5671,8.8051,9.3734,8.7305,9.4133,9.1143,9.676,8.9439,8.396,8.8878,8.7548,8.8983,9.4518,7.4043,9.7922,5.1665,9.3872,9.5213,9.7606,5.1913,10.2762,9.5081,4.4016,9.2827,4.3157,8.4721,9.5438,9.2804,9.161,9.8741,7.7132,8.9201,8.1861,9.5174,7.9995,9.4848,7.7696,4.2577,9.2998,5.7989,9.0948,9.1334,6.1325,8.6892,9.3978,7.6989,8.8084,9.113,7.3041,8.9921,9.255,9.0365,9.5925,9.1722,5.0398,9.4732,9.2259,9.2501,9.447,9.6643,8.2875,9.3113,9.5189,9.2959,8.5797,9.2526,8.9867,9.2572,9.4157,9.2138,7.7535,8.485,9.1272,7.6773,9.0324
C12orf77,2.8219,2.8442,2.9708,2.5914,2.8683,2.603,2.8077,2.6311,2.9992,2.773,2.6501,3.2979,2.7691,2.912,2.6656,2.7559,2.906,2.9165,2.6346,2.8482,3.127,3.0408,3.0372,3.2626,2.8542,3.0632,2.7466,2.6083,2.9299,2.932,2.8019,2.5824,2.9746,3.3696,2.833,3.9536,2.8588,3.1597,2.9328,2.8165,2.9457,2.857,2.9444,2.4177,2.7592,2.7479,2.9086,2.882,3.1606,2.8869,3.3403,2.9879,3.2012,2.8078,2.8829,2.656,3.3606,2.6481,3.1508,3.0487,3.4385,3.7581,2.6674,2.9464,2.907,2.9551,2.8125,2.9152,2.892,2.9046,3.0614,2.7858,2.8875,2.9576,2.9523,2.8901,3.299,3.6446,3.2232,2.5382,2.805,2.9152,2.7006,2.7778,2.8169,2.6771
C1orf115,9.7084,8.7068,8.9683,8.7065,7.308,8.3475,9.156,8.113,8.2984,7.8829,7.9378,9.1707,9.5281,8.391,7.0269,8.3338,8.3912,9.4895,8.2239,8.7514,8.5431,9.1698,9.0172,8.6781,8.11,9.1388,8.8788,9.1196,8.6612,9.1365,9.0984,9.4552,9.4593,5.2254,8.7505,8.7907,8.3957,9.6258,9.4736,9.1756,9.3286,7.6855,8.5887,7.1834,9.1175,6.8685,9.0973,8.4166,8.7025,9.0916,5.6426,8.9944,9.3638,6.2884,8.6545,8.4597,8.0219,8.8929,9.0362,7.0254,8.3043,9.0423,9.1986,8.7366,8.9558,9.0585,8.8559,8.5348,8.8727,9.505,9.1588,8.5154,8.4324,8.9385,9.7104,8.9518,8.4712,9.0592,8.6811,9.2457,8.724,6.9299,8.8713,9.2887,7.1546,9.0562
CALM1,5.2239,5.5896,5.8546,5.2978,5.0295,5.5355,6.3576,5.2702,5.7542,5.5633,5.1956,6.0749,5.6267,5.7161,5.2933,5.0825,5.268,5.9097,5.3862,5.5345,4.9267,6.1627,4.4807,6.1765,5.8273,5.9098,6.0975,6.092,5.1743,5.2432,5.7123,5.7795,5.9032,4.9378,5.134,5.2693,5.56,6.0262,5.0432,5.7234,5.6431,5.8874,5.4536,5.1827,5.8928,4.8311,5.1916,5.9716,5.1899,5.5508,5.6665,6.1051,6.08,5.2944,4.8288,5.4439,5.0473,5.504,4.6078,5.6373,5.4712,5.7139,5.265,6.7057,6.53,6.0385,5.2252,5.0466,5.399,5.7767,5.3964,5.6381,5.0277,5.6861,5.5749,5.6849,5.381,5.8289,6.0403,5.6127,5.5892,4.7121,5.7789,5.7103,5.3613,5.6087
CDH1,9.2824,8.9809,9.2801,9.1669,7.8194,9.4156,8.7426,8.9963,9.5966,9.1913,9.2297,9.6095,9.1612,9.2204,9.3403,9.4219,8.6689,9.6102,9.6201,9.238,9.3574,8.8829,8.935,9.4896,9.1337,9.5509,9.331,9.1972,8.9172,9.4395,9.3962,9.4145,9.464,3.7747,8.9932,8.3495,8.903,9.3689,9.253,9.1322,9.4844,9.2202,9.4373,8.6643,9.0669,8.261,9.4431,8.5976,8.974,8.9361,5.9338,9.4915,8.9183,8.3145,8.9456,9.3541,7.472,9.1529,8.847,9.1357,8.3509,8.9726,8.9694,9.5316,9.3643,9.6262,9.2475,9.1006,8.8716,9.5622,9.3169,9.3268,9.4745,9.4912,9.4917,9.0083,8.9434,9.601,9.5262,9.3352,9.5586,9.0656,8.7844,8.8855,8.6863,9.2008
CDH17,10.4141,10.0859,10.4074,9.6872,9.6877,10.1615,10.3796,9.8188,10.1592,10.1346,10.1019,10.6653,10.1139,10.1156,8.5571,9.6103,9.796,10.5656,10.5161,10.1334,10.6893,9.987,10.3473,10.2851,10.4066,10.3451,10.2648,10.1495,10.3136,10.2694,10.457,10.3793,10.0398,2.9188,10.1406,9.5886,10.1913,10.287,10.5599,10.2665,10.6346,10.5351,10.353,9.9671,10.5068,10.0833,10.3499,10.033,10.2999,9.9414,6.8495,10.1012,10.4449,9.6488,10.2054,10.4935,9.2308,10.5319,9.9881,10.2506,9.7085,10.1904,10.3508,10.6038,10.2488,10.1111,11.2588,10.3313,10.4859,10.6223,10.4248,9.8804,10.4579,10.4155,10.6004,9.7531,9.9629,10.3147,10.78,10.4791,10.815,9.0156,10.2535,10.168,10.0123,10.315
CDHR1,7.422,5.1958,5.6256,4.7903,5.1353,5.0579,7.8173,4.602,6.3327,4.9848,4.7677,5.9221,7.2479,4.9797,4.6791,4.625,5.9979,7.3646,8.1559,5.9015,4.6986,7.2886,4.9209,4.7786,6.4526,7.4177,6.4832,6.2325,4.7637,7.3053,7.3949,7.4314,7.0843,5.2766,6.6093,4.9884,6.991,7.8763,5.5168,7.2923,6.5202,6.8278,4.8765,6.9312,7.291,5.8563,6.4528,6.0955,6.8972,6.223,4.9001,6.9136,5.9661,4.7955,6.0258,6.0834,4.7516,6.3769,5.6956,5.7534,6.2001,5.5145,4.9202,5.6895,5.277,4.8645,7.4468,5.0469,6.0534,7.7509,8.0131,5.6699,5.4305,5.7753,7.8421,4.4287,5.2507,6.6018,6.0163,7.2372,7.3207,5.1012,6.8404,7.9075,4.419,6.5485
CDHR5,11.3178,10.1892,10.9023,10.4016,9.4533,9.7357,11.5687,9.9805,10.3846,10.038,9.5132,11.0701,11.3043,9.8367,8.0377,10.1465,10.4567,11.3881,10.0954,10.0947,10.038,11.1473,9.8315,10.1009,9.7082,11.605,10.4737,11.0773,9.7829,11.6067,10.702,11.4713,11.7008,2.8013,11.1238,10.3763,10.1397,11.5532,11.6176,11.1674,11.3856,9.6594,10.2577,9.5455,10.759,9.502,10.9862,10.0665,10.5087,10.5989,6.4227,11.113,11.019,8.5812,9.2778,10.0106,9.9053,11.2914,10.6155,9.2051,10.2988,11.0032,11.1931,10.5818,10.9726,10.1134,10.5836,10.2578,10.6118,11.437,11.043,10.4825,9.8413,11.1544,10.9979,10.0398,10.4335,10.985,10.7117,12.1103,10.5649,8.2552,10.9444,10.8233,9.0662,11.1099
CDKN2B,8.4382,7.883,8.3489,7.3621,5.811,7.578,8.6451,7.4729,7.7547,7.8767,6.8166,8.7645,8.5004,7.7998,5.9103,7.4158,8.0101,8.965,8.3747,7.6893,7.495,8.2659,8.7976,7.8458,7.1634,8.5152,7.5834,8.5467,7.6644,7.9593,8.7251,8.8059,8.9425,3.4417,8.0158,8.2224,8.0239,8.4679,8.6949,8.547,8.8726,7.86,7.1761,6.868,8.5358,6.3413,8.4528,6.7162,7.393,8.3127,4.8205,8.3692,8.7504,4.7969,8.6041,8.0484,6.3783,8.7957,8.3711,6.9147,7.2707,8.0537,7.9296,8.3334,8.699,8.0267,8.9021,7.0083,8.8022,9.4807,8.6655,7.1314,7.3342,8.5416,8.7663,7.3248,7.1167,8.4462,8.2458,8.0508,8.8585,5.4728,8.0306,8.7046,6.8945,8.4409
CHDH,7.7243,7.1022,7.6366,6.5272,4.4759,7.5442,8.8715,6.2193,6.783,7.1221,7.0925,6.6437,8.1907,7.3003,6.2191,6.4487,7.4889,8.6026,7.1694,6.9223,6.4641,7.5082,4.9981,6.7166,6.6937,7.986,7.9944,8.1229,6.5462,7.0374,8.4039,7.9124,8.365,3.2609,7.8319,6.9066,7.2882,7.7724,7.282,8.3854,7.5425,7.3351,7.5101,5.3679,8.064,7.3574,7.8315,7.6851,7.5128,7.6198,3.3867,8.222,7.9608,5.439,6.6534,7.0042,5.1409,7.991,7.6829,7.138,7.1298,7.5476,6.671,7.0301,8.256,7.5471,7.8917,6.817,7.8486,8.5879,7.7947,7.388,6.6441,7.5213,8.2826,6.6706,6.2322,7.7894,7.9058,7.7101,7.3594,5.8403,7.3738,8.2841,5.8114,7.8715
CLPTM1L,5.0245,5.8295,5.9268,5.4139,6.0355,5.1442,6.4141,6.0013,6.595,5.6212,6.0133,5.8393,5.4656,5.6672,5.3089,5.5226,5.8702,5.3919,5.6027,6.4321,5.5677,5.7413,5.0961,5.9298,5.7614,6.0812,4.9965,5.8478,5.6661,6.5159,4.6138,5.6084,6.0807,6.4914,5.238,4.5516,5.7242,6.6418,5.8753,5.889,5.2753,5.6326,5.4639,6.4858,5.4975,6.3823,6.2101,5.7398,5.9468,6.6461,6.4179,6.1862,6.2472,5.2692,6.2329,5.6848,6.3236,6.0789,6.3067,6.429,5.9573,6.2942,5.6231,5.0444,5.5433,5.6551,5.4301,5.5356,4.9529,6.1311,5.9963,5.4454,5.269,5.2555,5.6971,5.8059,6.3165,6.0104,5.9664,5.4681,4.6825,5.7688,5.6445,5.7942,5.1693,6.0151
CNDP2,6.9049,6.5785,7.2571,5.3862,6.0225,5.9278,6.4355,6.172,5.7735,6.162,5.5954,6.8264,6.3559,6.1441,6.0254,6.1128,6.0626,6.3458,5.0466,5.9492,6.4516,5.9667,6.1735,6.263,6.113,6.1291,6.129,5.6018,5.9605,6.1832,6.36,6.162,6.9111,6.1862,5.8289,7.193,6.0077,6.8494,6.6276,6.3104,7.4768,5.7013,5.8381,5.782,6.2911,6.1548,6.1015,6.0332,6.1467,5.3787,5.337,5.1385,6.915,5.8623,5.5704,5.9211,6.4225,6.4873,6.4951,5.8594,5.7693,5.7154,5.9074,6.038,6.1876,5.5206,5.3048,5.7898,5.7204,6.0797,6.8399,6.176,6.5634,5.574,5.9114,5.8471,6.2666,6.3772,5.6994,6.7453,5.2734,6.2426,6.2714,5.3805,6.1928,5.7573
COL17A1,7.9544,7.3632,7.6516,7.5403,6.9959,6.7938,8.6535,7.2513,8.1931,7.86,8.3301,7.6254,7.7299,7.7888,7.9062,7.8968,6.9403,7.8886,7.482,7.9463,8.8805,8.17,7.8008,8.2703,7.7205,8.315,7.2254,7.3967,7.6977,8.2349,8.329,7.3778,7.9624,4.2327,7.7428,7.5384,6.9014,8.5925,8.0774,8.2253,8.4961,8.4279,7.8679,7.2804,6.8041,7.8805,7.4873,6.7604,7.9026,6.8557,4.8707,7.8363,7.7335,6.6818,7.356,8.2706,6.9582,8.0935,6.8778,7.0463,6.0004,6.7152,8.3773,7.3268,7.6771,8.4331,8.4328,7.7617,6.5825,8.6447,7.6597,7.2864,7.9727,8.517,7.8411,7.8387,7.7849,8.1262,8.3125,8.3075,8.3209,7.3377,8.1208,7.4753,6.926,7.586
CPO,9.2535,8.909,9.7238,7.8843,4.9196,6.042,9.9157,7.9591,4.5811,4.4877,5.6218,9.2262,9.2311,5.2781,3.7395,8.4365,9.366,10.2878,4.6133,8.8029,4.7393,9.4237,4.8621,7.7834,3.7584,9.6356,8.4475,9.3523,8.428,10.2371,10.0585,10.3155,9.5557,4.7351,9.0469,9.2915,8.6265,9.9664,9.9486,9.4259,9.4702,3.6474,8.8698,3.7586,9.5349,4.2252,9.305,7.8414,9.3719,8.7245,3.7256,9.6755,8.9668,4.1753,7.2243,4.0366,7.0256,9.0706,9.7088,3.7359,8.9011,8.5382,7.1792,9.5466,9.8401,9.3578,4.2975,7.2556,9.2302,9.9992,9.6125,8.1935,6.1853,9.439,9.84,6.8322,8.2579,9.4592,4.4727,9.4269,6.8743,3.4955,9.2773,9.5234,4.34,9.9386
CREB3L3,9.3541,8.3808,8.9031,7.9607,6.4207,7.4301,8.925,7.865,4.7942,6.1544,7.5018,9.0469,8.9614,6.3414,4.8568,8.3894,7.382,8.4939,4.662,7.2426,7.711,8.3176,4.9483,8.2075,6.3928,9.0938,7.4221,8.9139,7.9873,9.1853,9.0109,9.1659,9.0155,3.8263,8.8222,7.0162,6.4764,8.743,8.9991,8.3752,9.0906,4.0569,7.8092,5.4165,7.8874,5.6581,8.3654,7.4615,9.0891,7.591,4.3546,9.1383,8.527,3.5675,7.7122,6.0943,7.4147,8.574,8.4344,4.1105,6.7706,8.9898,8.5078,8.4921,8.6638,8.3691,6.8589,6.9171,7.854,9.1727,8.6842,7.9452,6.8368,8.0899,9.109,7.4705,7.5691,8.2384,6.5247,9.7406,7.3545,6.1121,7.6704,8.1928,4.2097,9.0341
CUBN,6.3894,4.8552,5.4267,4.2502,3.8379,4.3462,7.0134,3.6159,3.9446,4.2489,3.239,4.7431,6.7383,3.7954,4.2456,4.7283,5.0623,7.269,3.6064,4.3051,3.4073,5.8693,4.8261,3.4629,3.9201,6.9899,4.2117,5.0626,4.4849,8.0886,7.4179,7.4972,7.5593,3.3965,6.6259,4.1944,4.1035,7.2835,6.647,6.0567,7.1176,4.0942,3.2687,3.7175,6.3592,3.698,6.7551,5.1561,5.7062,4.4523,3.6784,7.0872,6.0466,4.1113,3.8708,3.8565,3.8873,5.9288,5.9691,3.4806,4.1267,5.3485,3.6708,5.9601,5.5481,4.3132,3.4632,4.1746,6.112,7.2721,7.1285,4.6835,3.8137,4.5162,6.8543,3.4538,3.8519,6.6713,3.4001,7.6312,4.2675,3.4686,6.5253,7.3015,3.4329,7.3022
CYBRD1,9.3309,9.0211,9.3037,9.331,8.0177,8.2932,9.9504,8.4179,5.2641,7.737,8.505,9.9399,9.405,8.8303,6.016,8.6173,8.9746,9.2319,5.7573,8.997,8.882,9.8632,7.1068,8.9716,6.8381,9.459,9.001,9.1315,9.0194,9.3859,9.4519,9.8597,9.5517,6.2132,9.1628,8.955,8.8114,9.5913,9.5687,9.6623,9.4446,6.7728,9.3216,5.2499,9.5185,6.7466,9.3177,8.4791,9.2634,8.6387,6.7737,9.4418,9.2886,6.1012,8.8623,7.5889,7.8316,9.2415,9.2979,6.8952,8.2306,8.9313,8.9894,9.6001,9.3475,9.3044,4.9764,8.9041,9.1522,9.644,9.8375,8.2279,8.4562,8.584,9.4813,8.398,9.0999,9.6214,8.3044,9.5252,8.6841,5.9462,9.2772,9.2645,6.6033,9.4085
CYP2J2,9.3482,8.4813,9.1323,7.8204,4.7834,7.9347,9.2394,7.6942,7.3127,7.2003,7.0453,9.7806,8.8991,7.6737,6.4905,7.6069,7.8686,8.9508,7.5006,7.7909,7.281,8.797,7.5333,7.8653,7.7356,9.1495,8.0036,8.5816,8.3364,9.5841,9.6309,9.8183,9.4161,3.7901,9.0461,8.5827,7.9272,9.4313,9.3945,9.0591,9.3605,7.6964,7.8324,7.6957,9.1601,6.808,9.2114,8.301,8.8846,8.002,4.029,9.0009,9.1914,6.1076,7.8487,7.3347,6.5687,9.3452,9.2638,6.9102,7.7489,9.0342,7.8588,9.3015,8.4548,8.0331,8.0293,7.1743,8.8209,9.2875,9.5448,8.1467,7.1561,8.227,9.3809,7.0682,8.0871,8.9258,7.8493,9.1553,8.5912,5.7404,8.6295,8.788,6.0573,8.9263
CYP3A4,11.5537,10.0093,9.4754,9.5464,5.4258,8.1024,10.1122,8.4913,5.8983,7.04,6.0599,10.3205,10.078,7.3297,5.8391,8.7937,9.8195,10.0919,5.9081,8.3383,6.5888,9.8475,6.263,6.8881,5.2312,10.2506,8.8897,9.5672,8.5344,10.9807,10.2216,11.4461,10.6454,4.2388,10.2722,9.2777,8.5284,10.4516,10.5883,9.7037,10.9241,5.0807,9.0616,4.2613,11.0466,4.732,10.2863,9.7962,10.0633,8.8215,4.533,9.962,9.8849,5.5908,8.8274,6.8905,8.1359,10.2604,10.3465,4.5624,8.7135,10.3362,9.194,10.6097,9.3677,8.976,7.9585,8.0014,8.908,9.9945,10.7255,9.4596,7.1301,9.8025,10.3363,8.5294,9.0388,9.4496,6.5201,10.528,9.6887,5.1695,9.2666,9.9982,5.1312,9.9955
CYP3A5,10.165,9.3297,9.4651,8.0972,6.5489,8.9603,9.4268,8.328,6.7787,8.3338,7.3837,9.7293,9.0625,8.3364,8.7672,8.96,9.097,9.3259,7.9654,8.3332,8.1744,9.1454,6.9124,8.4793,6.7951,9.4344,8.8057,9.2732,8.5312,9.6796,9.3841,9.56,9.7961,4.2111,9.2795,7.0508,8.6632,9.2858,9.5998,8.8381,9.5077,7.6295,8.4266,7.6794,9.7318,6.8477,9.2683,8.2206,9.2404,8.6847,4.9099,9.1278,9.4392,5.8301,8.6953,8.0627,8.155,9.145,9.3612,7.569,7.1897,9.3427,8.9108,9.3543,9.4271,9.5729,8.541,8.3052,9.2249,9.7763,9.5046,8.8386,8.566,9.3937,9.534,8.6553,8.6443,8.8256,8.0936,9.3773,8.7923,7.6088,8.9235,9.4229,5.226,9.6993
CYP4F12,8.641,8.5567,8.647,7.3457,6.4254,7.483,9.0163,6.6609,8.2912,7.434,7.4774,8.585,8.675,7.7098,7.6466,7.7677,7.4924,8.7201,8.4128,7.8461,7.5547,8.6762,7.3795,7.4949,7.3308,8.2489,8.1299,8.615,8.2681,8.7813,8.8595,7.8725,8.5547,5.565,8.3787,8.142,8.0192,8.587,8.3941,8.5298,8.8533,7.7558,7.5917,7.3962,8.7855,6.2621,8.5296,7.3439,8.3384,7.8009,5.4916,8.2626,8.5028,6.0577,7.5033,7.8361,6.679,8.3551,8.2708,6.4218,7.9092,7.9154,7.8233,8.835,8.1217,8.0979,7.829,7.6179,8.1853,9.035,8.7645,7.5528,7.4742,8.3815,8.3837,7.8483,8.0487,8.464,8.2177,8.4031,8.4328,7.3447,8.5413,8.6728,7.1392,8.4645
CYP4F2,9.772,9.0802,8.6274,8.4775,5.8113,6.86,9.6894,5.0891,4.1818,6.3411,5.6062,9.1621,9.1536,7.6509,6.0123,8.0651,8.61,9.2432,4.7692,7.5621,6.7999,9.4162,4.7959,7.1623,4.9158,9.411,7.9202,8.8414,8.0912,9.8457,9.4213,10.0554,9.2381,6.0368,9.0877,6.6478,7.9997,9.8291,9.4646,9.7089,9.7409,6.2985,8.3849,5.1049,9.3877,4.918,9.0974,7.7839,8.9451,6.5025,4.4384,9.0136,8.7898,4.0733,6.3637,5.8958,7.7683,9.4324,9.1958,4.7005,8.2189,8.2773,8.7929,8.7676,8.4488,8.7073,5.4475,6.2397,7.2586,10.0813,9.8381,8.6177,7.4186,8.8744,9.3098,6.9861,9.0351,9.2557,5.5574,9.7128,7.6486,5.9974,8.9891,8.9417,5.2181,9.0743
DAB1,9.0426,7.5346,8.6281,6.76,5.0116,6.9731,8.5848,6.5129,4.8272,5.3335,5.024,8.6013,8.4697,4.9463,4.4039,6.8194,6.4299,9.1038,3.8865,6.764,6.0783,7.9618,4.4842,6.4122,4.6192,8.1827,7.3307,7.8096,6.8564,8.5898,8.7542,9.2098,8.9176,6.1371,7.8955,6.7352,7.123,8.7615,8.6424,8.2416,8.7212,4.2634,6.4197,4.4116,8.5012,4.8367,8.5057,7.0066,7.9582,7.1265,4.7534,8.6256,8.4457,4.3667,6.2321,4.3507,6.205,8.416,7.5219,4.0579,6.7368,8.3506,6.8467,8.2169,8.2696,7.4931,4.8224,7.0741,8.2369,9.0466,8.9257,6.4117,4.985,8.0016,8.4812,6.7249,7.163,8.2412,4.8916,8.4452,5.7794,5.6084,7.8022,8.3869,4.6155,8.5165
DAPK2,9.0672,8.4478,7.934,8.1098,7.2357,8.1687,8.3774,7.7784,8.5906,8.4094,7.1479,8.785,9.2692,8.3956,7.5561,8.402,8.0085,9.1455,7.4532,8.0956,8.4534,8.3758,8.8389,8.5022,8.2716,9.3526,8.3092,9.0006,7.641,8.9115,9.2522,8.8554,9.0082,7.2883,8.6264,8.2248,8.6482,9.3168,8.9005,8.4192,8.9581,8.3071,8.624,8.2753,8.4215,7.2702,8.6768,8.0096,8.751,8.9388,6.3299,8.9054,8.8259,6.9788,7.8686,8.4296,7.4574,8.2988,7.9992,7.4234,8.1235,8.7155,8.4581,8.2414,7.9556,8.1295,8.383,8.1578,8.5772,8.7923,8.9644,8.0693,7.434,8.5134,8.9543,7.8904,8.2821,8.7391,8.685,8.8262,8.7802,6.4927,8.4513,8.8822,7.7553,9.1266
DHRS11,9.5719,9.3489,9.5391,8.481,6.2457,9.0051,9.7032,8.3846,8.7479,8.4108,8.531,9.9779,9.4287,8.8864,4.803,8.5014,9.3495,9.2945,9.0998,8.6314,8.8606,9.4892,9.1938,8.4193,7.9952,9.5393,9.0688,9.473,9.2001,8.7386,9.1996,9.6303,9.863,3.3395,9.0832,9.5545,8.8894,9.1977,9.5498,9.0893,9.4454,8.7488,8.624,8.4306,9.3003,6.9182,9.3219,7.9515,9.0283,8.7477,4.8088,9.602,9.1099,5.9979,7.9862,8.7363,7.1424,9.3568,9.5392,8.0069,8.597,9.0761,8.8868,9.2642,9.2075,9.114,9.0174,8.6009,9.5875,9.8548,9.2661,9.0362,8.4715,9.2108,9.4889,8.7295,8.7073,9.0465,9.0901,9.6331,9.0311,6.5868,9.2351,9.0367,6.8515,9.2701
DNASE1,9.5809,8.2227,8.6854,6.8488,5.9756,8.0204,9.5737,7.7688,5.6687,5.9029,7.2453,9.2226,9.1637,7.4731,5.4709,8.2223,8.6746,8.758,5.5825,7.9833,7.7431,8.6489,5.2187,8.3024,5.0098,9.1879,7.8609,9.1345,8.0719,9.105,8.9748,9.4066,9.3512,5.4725,9.0472,9.0188,7.4481,9.553,9.0489,8.7765,8.7201,5.313,7.9808,5.3798,8.6652,5.4038,8.8633,8.1645,8.2959,8.3112,5.512,8.6478,8.8603,6.0047,8.1841,5.9486,7.0403,8.1587,9.3117,5.5643,7.6792,8.9174,7.9038,8.5267,9.4576,8.3832,5.4181,8.424,8.7706,9.0831,9.4774,7.6995,6.9625,8.8971,8.9776,6.6112,7.8441,9.2058,5.401,8.6904,7.1543,5.7206,8.6178,8.8655,5.5145,9.2016
DOK4,9.0338,8.542,8.5152,8.0535,7.5376,8.0536,8.7045,8.6205,8.7854,8.7026,8.1161,8.8609,8.6071,8.526,8.5666,9.0606,7.9329,9.2468,8.7499,8.1356,8.7865,8.716,9.7734,8.8462,8.7974,8.4699,8.6512,8.3653,8.8026,8.9446,8.9127,9.0633,9.1684,6.28,9.0072,8.5686,8.3888,8.7836,9.2003,8.6281,9.3506,8.7226,8.8039,8.8205,8.7612,7.6788,8.8094,7.5203,8.8678,8.5271,6.4977,8.9753,9.06,8.348,8.0319,9.2691,7.7131,8.8918,8.7291,8.4583,8.0176,8.5215,8.6157,8.3142,9.0108,8.7482,8.9945,8.0802,8.5245,9.2412,8.7345,8.6634,8.2503,8.7267,8.7992,8.6322,8.5335,8.3898,9.1774,8.9505,8.9769,8.6424,8.678,8.4622,8.3048,8.3951
DPEP1,9.3684,9.0587,8.8566,7.5772,6.8592,8.0931,9.9882,7.8526,6.3702,7.3852,8.2376,8.9422,9.1969,8.8397,5.7449,7.7157,9.0577,9.2811,5.9801,7.6091,7.1126,9.2426,7.2335,7.9705,6.1387,10.2661,8.7266,8.9284,8.5717,9.8043,10.1321,9.7227,10.1648,6.1995,9.7758,9.2209,9.0619,9.9556,9.3442,8.9226,9.6105,6.1512,8.3504,5.8293,9.6916,7.09,9.3767,8.4901,9.0975,9.1856,5.5634,9.5033,9.4888,6.122,7.6264,6.2478,7.6598,8.8672,9.7082,6.0684,7.7203,9.4328,7.9291,8.9818,9.2123,8.7316,6.17,7.4868,9.1942,9.8197,9.3051,8.402,7.1423,8.3819,9.3558,7.3576,8.3478,9.2443,6.6475,9.9057,7.5171,6.1376,8.5727,9.3028,6.3928,9.6882
DPP4,9.0922,8.5603,8.7394,8.1473,6.211,7.2227,8.9788,7.745,3.8968,6.0111,7.6649,8.4861,8.4644,6.503,4.348,7.6552,7.9921,9.5616,4.9779,7.7191,7.1589,8.9428,3.7294,7.6612,4.852,9.2629,8.1924,8.5285,7.7329,9.0438,9.8693,9.3065,9.5442,4.9289,8.7136,6.8601,7.7306,8.8627,9.0306,9.1588,9.2257,6.0756,7.9291,4.4029,8.8803,4.7371,8.8667,7.6788,7.9316,8.5172,4.9655,9.0087,8.8014,4.7322,7.6242,5.0106,7.3452,9.1287,8.6266,4.8984,7.6096,8.0746,8.6523,8.812,9.016,8.7311,5.9941,7.5106,8.5621,9.5763,9.2839,7.1234,7.7793,8.5095,9.3868,7.0993,7.2187,8.3578,5.3015,8.9946,8.3309,5.2812,7.9356,8.5367,4.3082,9.1849
DSC2,8.6884,8.7484,8.9602,8.206,8.3074,8.6806,8.9719,8.8456,9.6035,8.9875,8.4909,9.2271,8.8664,8.5838,7.8121,9.2865,8.2684,9.0631,9.2598,8.2978,9.2697,8.7182,9.0943,9.248,8.7858,9.1596,8.8558,8.9134,8.9134,9.0444,9.2378,9.1816,9.137,5.98,8.7783,7.6765,8.369,8.6987,8.9887,8.9831,8.9915,8.9026,8.7902,9.356,8.4105,8.6176,9.0479,7.6975,8.8642,8.5008,4.3921,8.6639,9.2557,8.3566,8.7715,9.0522,7.9915,9.4512,8.5273,8.8438,8.1364,8.7474,9.0859,8.2715,8.5791,8.8066,9.448,8.4662,8.8645,9.0414,9.2333,8.9633,8.685,9.1435,8.9334,8.5967,8.314,8.5864,9.4446,9.3385,9.3066,8.7057,8.5459,9.21,8.1254,8.8331
DSP,9.5212,9.4013,9.2085,8.8805,7.7498,9.3825,9.7519,8.8013,9.7356,9.4617,9.1071,9.7689,9.6915,9.4138,8.6202,9.175,9.342,9.8279,9.6046,8.6854,9.2559,9.5537,9.299,9.0811,9.2826,9.5403,9.4433,9.1927,9.4208,8.9457,9.3123,9.5834,9.9209,4.8606,9.5749,8.9331,9.2214,9.5444,9.7175,9.306,9.4041,9.6505,8.7355,9.559,9.7201,9.0759,9.587,8.8637,8.8806,9.3207,6.1986,9.3539,9.3778,9.2939,9.3025,9.4964,7.6363,9.5707,9.3251,9.1209,8.8019,9.2939,9.275,9.2193,9.3421,9.1517,9.32,8.9268,9.5819,9.8933,9.451,9.4299,9.0495,9.508,9.9882,8.9713,8.6158,9.1349,9.7321,9.7805,9.4301,9.0064,8.9877,10.0609,8.8069,9.2643
ENPEP,10.1555,9.9351,9.9558,8.8541,7.07,8.4862,10.1033,8.9064,2.7554,6.6693,8.2442,9.9519,9.5804,8.1387,2.9498,8.469,9.2808,10.061,3.1073,8.9308,8.7957,9.7994,3.9222,8.9914,4.6975,10.0062,9.3794,9.6241,9.2538,9.943,10.1291,10.0188,9.9228,3.6639,9.7043,9.2057,9.0749,9.9685,10.3309,9.8167,10.4017,3.8754,9.1405,3.2758,9.8518,3.2851,9.9988,9.2052,9.7471,9.7426,3.3255,9.6978,10.2145,3.1309,9.243,5.019,8.6737,9.5246,9.8978,6.025,8.9822,9.8304,9.5373,10.0775,10.0999,9.4754,3.126,9.0704,9.9959,10.0943,10.333,8.6915,8.4403,9.7349,10.2021,8.8785,8.9831,9.4969,4.9,9.659,8.7917,3.3814,9.6837,9.7237,3.0243,9.8526
ENTPD5,9.0525,8.4145,9.5424,8.3829,7.2685,8.3063,9.1535,7.966,9.8735,8.2372,7.2251,9.854,9.5281,8.776,8.8564,9.0161,8.6802,8.9928,9.9894,8.7382,8.0704,9.5564,9.7632,8.9059,8.6562,9.371,8.7412,9.1355,8.7414,9.316,9.3796,9.7725,9.6591,5.6541,9.2242,8.5747,9.0281,9.2124,9.5136,9.3705,9.2744,9.5588,8.6075,9.1629,9.4984,8.0558,9.3896,8.9733,8.8908,8.1523,6.457,9.6522,9.4347,7.7224,8.9889,9.4638,7.091,9.4171,8.9417,8.4034,8.2904,9.238,8.8483,8.9081,9.0616,8.8877,9.7393,8.1666,9.3355,9.432,9.3259,8.5468,8.4025,8.8655,9.2931,7.9471,8.5253,8.9079,9.2892,9.1,9.7168,8.5139,9.1991,9.4461,7.9165,9.307
EPB41L4B,7.9476,6.8623,7.5823,6.2421,4.7401,6.0592,7.7433,6.4964,7.6089,7.1262,6.1163,7.7093,6.9778,6.6079,6.7166,7.0697,7.2418,7.565,7.71,6.6144,6.3572,7.2972,7.4363,6.9875,5.9037,7.6046,6.9537,7.6186,6.4322,7.4329,7.686,7.6353,7.5101,3.6844,6.9944,5.7776,4.9884,7.9072,7.4787,7.3648,7.5033,7.6145,6.2122,7.1044,6.8854,5.3875,6.9056,5.9133,6.6194,5.9432,4.0561,7.524,7.5878,5.0982,6.6669,7.1221,5.1288,8.0425,7.0835,6.267,6.0293,7.1552,6.6625,7.4169,7.5474,6.9556,7.9166,5.8814,6.9813,7.2679,7.696,6.1887,5.723,6.9891,7.7343,6.3473,5.7855,6.8994,7.2943,7.7632,7.0792,5.9052,7.061,7.4401,4.5357,7.0541
EPCAM,11.9851,11.6415,12.1896,11.5974,11.2902,11.8287,11.8855,11.4283,11.9021,12.0059,11.9153,12.4429,11.9169,11.9546,10.8878,11.5904,11.903,12.01,11.9125,11.8353,12.1582,11.9703,12.4272,11.9532,12.0029,12.0492,12.0149,11.8354,11.7977,12.1559,11.2711,12.0904,12.0035,4.1754,11.8774,11.5267,11.4923,11.9947,12.0157,11.6989,11.8199,11.9477,11.9519,11.8222,11.9517,11.7245,11.8015,11.3276,11.6476,11.9466,8.7892,11.7054,12.2557,11.4782,11.9915,12.005,10.8581,12.2007,11.8264,11.9686,11.2603,12.0008,11.9292,11.9791,11.816,11.9852,12.41,11.6614,12.1103,11.9678,12.2503,11.4594,12.1037,11.9967,12.2829,11.8641,11.674,11.7768,12.0355,12.2588,12.1868,10.9936,11.8105,11.9744,11.88,11.8885
EZR,11.1706,10.4995,11.0881,10.7282,9.6332,10.2421,11.2782,10.1866,10.0721,10.3304,10.7468,10.8649,10.8751,10.5784,10.5906,10.8587,10.5195,11.1932,10.4446,10.4077,10.719,10.9422,10.3165,10.9811,10.4327,11.3896,10.6922,10.9745,10.4421,11.4636,10.6634,11.0144,11.141,9.4393,10.8882,9.9729,10.3243,11.3052,10.9465,11.1223,10.7661,10.4034,10.6662,10.2435,11.0551,10.258,10.8614,10.3753,11.0165,10.6629,9.9751,10.8517,10.9832,10.304,10.8053,10.5242,9.5039,10.8305,10.6583,10.3797,10.3409,10.7743,10.8548,10.9343,11.0375,10.7619,10.9098,10.6313,10.638,11.1312,11.0267,10.2557,10.5771,10.7982,11.1478,10.2327,10.4916,10.8774,10.74,11.0038,10.8667,10.3248,10.805,10.9669,9.9766,10.9965
FABP2,9.2878,8.8458,9.2183,8.0105,7.2778,8.2429,9.3195,8.2016,6.8262,7.6331,7.9896,9.3405,8.5808,8.1654,5.8401,7.8074,8.6821,8.6633,7.3114,8.3321,8.2744,8.6973,7.729,8.3954,7.3631,8.849,8.6346,8.5139,8.6886,8.8683,8.8544,9.3766,8.3955,6.3025,8.7986,8.8937,7.6973,9.2358,8.6533,8.2766,8.7525,7.2288,9.0362,6.0575,8.5659,6.7549,8.8609,8.1299,9.0806,8.0577,5.4165,8.0863,8.6901,5.7145,8.461,7.8781,7.402,8.724,8.9574,6.6044,7.8778,8.7425,8.1809,9.3497,8.8322,8.2174,7.2724,8.4409,8.7926,8.6049,8.7552,7.6767,8.1921,8.5526,9.0719,8.0658,8.5792,8.7827,7.3994,8.9213,8.3175,5.7008,8.7985,8.21,7.2434,8.5567
FAM46A,8.9621,7.3244,8.5995,8.0044,7.5263,7.6972,8.5918,7.7407,8.2399,8.2625,8.2017,8.6462,8.6046,8.1361,8.5621,8.9245,7.8868,8.7942,7.1869,7.9066,8.519,8.2135,8.327,8.3557,8.3037,8.8274,8.1212,8.0486,7.788,8.6614,8.7006,8.7031,8.6658,6.1764,7.9888,7.6663,7.9599,8.9686,8.769,7.9832,8.4587,8.2774,8.4268,8.0992,8.4547,7.5205,8.1557,7.397,8.5282,8.2724,6.9262,7.8792,8.5544,7.6005,8.5972,8.3332,7.5945,8.0848,7.7307,8.1265,7.7358,8.0679,8.8612,8.5045,8.513,8.575,9.01,7.9504,8.1048,8.7727,8.6263,8.2447,8.4487,7.9432,9.2099,8.0596,8.145,8.1227,8.536,8.6268,8.3611,8.164,7.7727,8.2894,8.1971,8.6289
FBP1,9.7444,9.1738,9.2937,8.6278,6.0526,8.8602,9.688,8.4618,7.508,8.3178,7.5318,9.3178,8.9268,7.457,8.0181,8.4066,9.1768,9.5157,7.7207,8.4893,7.9811,9.2897,7.7386,8.7348,7.7034,9.3273,8.7787,9.3633,8.21,9.4003,9.3835,9.9707,9.7399,6.1857,9.1529,9.9651,8.874,9.899,10.0779,9.2222,9.6467,7.8848,8.9107,7.485,9.1193,6.5968,9.2197,8.9559,8.9394,8.4212,5.7541,9.2543,8.5906,6.7265,7.7849,6.8269,6.8057,9.2455,9.6421,7.1868,8.4892,9.4469,8.9113,9.4736,9.4998,8.787,6.1722,8.379,8.9667,9.6024,9.522,8.5722,8.1043,9.4303,9.3948,8.3894,8.3018,9.4192,7.4287,9.6843,8.5442,7.7649,8.9534,9.7538,6.8963,9.5751
FLJ22763,9.6818,9.0803,9.0811,8.3105,6.8969,8.0728,9.5545,8.5852,7.0004,7.5765,8.368,9.4809,8.9377,8.2873,3.1815,7.6856,8.8571,9.1266,6.7526,8.785,8.5337,9.7897,8.5749,8.5724,7.5491,9.3388,9.0488,8.8127,8.7971,9.126,9.2968,9.9079,9.1396,2.6287,8.9524,9.6128,8.4422,9.0498,9.6732,9.0804,9.6708,7.04,8.7415,5.2164,8.8449,5.0989,9.109,8.4581,9.2818,8.9581,2.3794,8.9909,9.049,5.9369,9.7362,7.474,7.3162,9.3779,9.2813,6.4579,8.2503,8.9544,8.2858,9.1959,9.1841,8.536,7.4885,8.7625,8.8184,9.0321,9.2943,7.5747,7.9413,8.905,9.4643,8.4769,8.1653,8.833,7.6902,8.9623,8.1986,4.6648,8.771,9.2478,6.2882,9.079
FLVCR1,8.6854,7.5291,8.3465,6.1193,5.3538,6.2188,8.5038,6.3648,4.5868,4.6128,5.831,8.8947,7.8013,6.0195,4.9733,6.0079,7.1081,8.5048,5.5644,7.6749,5.7337,8.034,5.9584,6.8152,4.2844,8.6524,7.9785,7.5246,7.2649,8.5747,9.3252,8.758,8.6966,4.536,7.9361,7.1807,6.708,8.7908,8.3528,7.7579,9.0199,5.2406,7.007,4.8008,7.9477,5.5008,8.6428,6.189,8.3446,7.1287,4.304,7.8713,8.3041,5.7994,6.4293,4.8719,4.9121,7.8476,7.4209,4.9131,6.7487,7.5287,6.7921,8.601,7.7094,6.999,5.7285,7.6455,7.8187,8.1701,9.2579,6.5177,6.3971,7.1617,8.349,5.3808,6.6151,7.79,6.145,8.6583,7.8501,4.8888,8.1523,7.4668,5.2112,8.1515
FTL,11.7854,10.9983,11.6462,11.4641,11.2684,11.0323,12.3422,11.1179,10.79,11.4431,11.8628,10.9261,11.3974,10.743,10.4703,11.3238,11.2604,11.5998,10.6023,10.9968,11.1086,11.4518,10.8768,11.408,11.0363,11.9781,11.2205,12.3004,10.8499,11.6218,10.9377,12.0804,11.5415,11.5512,11.5263,12.0772,10.9483,11.7981,11.6485,11.7562,11.0617,11.2766,11.0958,11.2373,10.7613,10.8203,11.1208,11.1,11.2237,11.133,11.2852,11.5691,11.2948,10.8313,10.9472,10.4548,11.8716,11.3557,12.0626,10.9736,10.5699,11.566,11.6516,11.2091,12.1057,11.3122,9.9911,10.7406,10.7579,11.5747,11.546,11.1151,10.8206,11.7609,11.7159,11.1232,11.0384,11.1105,10.7352,11.6142,10.8172,10.6769,10.815,11.4746,10.539,11.8549
G6PC,8.9629,6.4151,5.888,5.071,3.4573,4.987,8.0796,4.2019,3.8164,3.6502,3.6047,7.5213,6.8777,3.5794,3.7869,6.4544,7.3603,8.0552,4.3624,5.3766,3.614,7.5926,3.8542,4.1067,3.5338,8.5739,6.6911,7.445,6.6943,6.5596,9.7877,6.8383,7.978,3.0806,6.9386,7.5417,6.2277,7.6652,7.8314,6.2843,9.8929,3.6968,6.3705,3.7484,8.5366,3.8987,7.3388,4.5929,6.6375,5.8914,3.344,7.8357,8.6108,3.4866,4.0187,3.2845,5.5366,7.9819,7.0241,3.807,5.4222,6.0069,5.4224,7.3781,6.9791,5.0979,3.9252,3.7181,8.9271,7.713,8.7266,7.4594,3.933,6.0012,7.9318,5.4514,3.9299,5.5502,4.3657,6.0505,5.3201,3.5579,7.0985,8.3567,3.4176,7.9485
GATM,8.5678,8.6268,8.7595,7.6197,4.4306,8.0311,8.1607,7.2447,4.3917,7.1882,4.9731,9.5347,8.9322,6.9415,4.8723,6.9646,8.3443,8.1096,5.4018,6.8728,6.9652,9.2353,5.1903,7.1066,6.4107,8.7709,7.8738,8.3009,7.7,8.0255,8.9469,8.8627,8.2178,4.1144,8.6243,7.228,6.9828,8.482,9.3321,8.6706,9.3335,6.3794,7.8672,5.5498,7.9964,5.905,8.5099,8.3236,7.3403,7.9431,4.8271,8.8311,8.2575,4.4908,7.2676,5.4682,5.5466,8.6552,8.4356,5.9798,7.6545,7.8617,8.3992,8.5296,7.9399,7.7742,4.086,6.9557,8.4989,8.9086,8.8512,7.2769,7.9344,7.9115,8.2822,7.6863,7.1081,7.8758,5.9043,8.586,6.9131,3.9407,8.7527,8.7676,6.0037,8.3647
GDPD2,7.9195,7.1124,7.5078,7.4928,6.1127,6.8103,8.594,6.1248,7.5041,6.6492,6.1055,7.8959,7.6983,6.1639,6.6896,6.9874,7.5224,8.2073,7.2209,6.5428,6.8716,7.8238,8.3154,7.2403,6.2008,8.6718,7.1714,7.5393,7.663,8.7013,8.8145,7.6581,8.1675,6.1039,7.6932,8.0647,7.2765,8.26,8.3057,7.5974,8.4712,7.2257,7.4633,6.4524,7.9934,6.2041,7.9694,6.978,7.6921,7.0249,5.6969,7.9775,7.4092,5.6425,6.9581,7.5812,6.6338,7.8101,7.8753,5.8501,6.3035,7.5714,7.5827,7.5211,7.2008,7.5336,7.7321,6.7501,7.5952,8.327,8.7975,7.0668,6.9466,6.8002,8.3532,6.7435,7.329,7.7766,7.3068,7.957,7.4617,6.3081,7.6041,8.4028,6.6317,7.9235
GLCE,7.2907,7.5474,7.7752,7.3293,6.1586,7.5981,7.8232,7.1348,5.5597,7.4937,7.5013,7.1727,7.1062,7.7051,7.496,7.6317,7.3547,7.7473,7.2412,7.6259,6.9065,7.237,6.9461,8.015,7.549,7.2154,8.2939,7.1769,7.6695,7.3198,8.1582,7.3667,7.2529,5.7855,6.6932,6.3158,6.7163,7.0686,6.6125,7.1025,7.492,7.6872,7.6706,6.5886,7.7025,8.089,7.3314,6.5044,6.6289,7.2791,5.0314,7.3655,7.4837,6.9991,7.9272,6.9749,5.6159,7.0984,6.7875,7.6298,7.2326,6.4981,7.4239,8.1939,7.7849,7.669,7.8055,6.8667,8.3771,7.3522,7.7635,7.2287,7.9528,8.3219,7.6608,7.7341,6.8146,7.7304,7.5137,6.5315,7.5287,6.9491,6.4691,7.2635,7.3763,7.5383
GNA11,9.0845,8.8483,8.7889,8.2625,6.7855,8.1951,8.9797,7.9174,8.7645,7.9552,8.894,9.0636,9.2226,8.4901,7.1278,8.5254,8.3,9.3193,7.6262,8.5678,8.5804,8.6503,8.519,8.821,7.2831,9.0295,8.5518,8.7235,8.5093,9.4409,8.8582,8.7602,9.2726,6.2677,8.6644,8.5853,8.3706,9.2,9.2448,9.0132,9.2452,8.2041,8.3471,8.2122,8.6762,8.3701,8.9829,8.1281,8.9763,8.7356,4.4527,9.138,9.4563,6.9208,8.1911,8.3884,6.7712,9.3931,9.013,7.6948,8.1305,8.7957,8.8622,8.5928,8.9681,8.8809,8.6897,8.3478,8.4678,9.3803,8.9515,8.4186,8.454,8.8107,9.5015,8.3572,8.521,8.6723,8.6862,9.177,8.4011,7.3175,8.5877,8.6131,6.6451,8.7656
GNRHR2,5.6046,5.6745,5.1461,5.5751,4.4648,5.4343,6.187,4.7687,5.679,5.2429,5.5892,5.6542,5.5742,5.5437,6.0678,5.4723,6.1408,5.8819,5.6984,5.5225,5.4243,5.4421,5.9712,5.0144,5.1426,5.1326,6.0643,5.1318,5.322,4.7936,6.138,5.7194,5.6858,5.4334,5.4932,5.2899,5.3481,5.9789,5.9343,5.3567,5.4977,5.6681,5.9222,5.297,5.913,5.0739,5.3398,5.2026,5.833,5.6431,5.3924,5.657,5.6511,5.6098,4.7725,5.7113,6.0452,5.1442,4.321,6.1063,6.0523,5.6693,5.3189,5.8427,6.13,5.9802,6.3195,5.2319,5.5905,5.792,5.1075,5.5412,5.6635,5.8981,5.5568,5.3688,6.3201,5.5475,5.5639,5.8101,6.3164,5.5938,6.2583,5.0079,5.4555,5.1759
GOLIM4,10.569,9.8025,10.4803,10.1792,9.4774,10.0876,10.7583,9.6404,10.3284,10.1463,9.706,10.8029,10.5453,10.1941,9.7454,9.5865,10.4116,10.5831,10.2826,10.1595,10.0047,10.3436,9.7515,10.0201,10.1132,10.6853,10.6317,10.4307,9.3725,10.5311,10.321,10.9213,10.5016,9.3449,10.4137,9.6881,10.2146,10.9991,10.698,10.4648,10.6131,10.1791,10.0218,9.7287,10.4646,9.7073,10.6477,9.9106,10.4375,10.0502,8.9614,10.4298,10.7914,9.2597,9.7754,10.2349,8.8984,10.4513,10.0023,9.6848,9.6165,10.2341,9.9761,10.6672,10.5172,10.1801,9.8259,9.655,10.5354,10.6373,10.422,9.5987,9.9947,10.4105,10.7539,9.4774,10.2578,10.6345,10.4639,10.6598,10.5785,9.2513,10.3654,9.9989,9.9593,10.6048
GPA33,9.393,9.2046,9.357,8.4263,8.4495,8.8779,9.6096,8.998,9.6683,9.2749,9.0581,9.2738,9.4873,9.397,4.5975,8.3757,8.7995,9.0534,9.9812,9.0573,9.6524,9.3025,9.9764,9.7146,9.4295,9.4442,9.2722,9.3542,9.6839,9.2912,9.4572,9.8693,9.8727,4.0743,9.2499,9.1935,9.1813,9.3963,9.5259,9.0668,9.5825,9.5697,9.3537,9.7376,9.1857,9.4082,9.2464,8.0471,9.109,9.1081,5.8561,9.3461,9.2507,9.3235,9.0574,9.5468,8.1579,9.6107,9.4855,9.4753,8.6672,9.0321,9.3501,9.0594,9.384,9.4656,10.2435,9.2165,9.1695,9.5897,9.3117,9.1567,9.2946,9.3621,9.3964,8.9132,8.7161,9.1276,10.0253,9.6518,9.4394,7.1167,8.9208,9.2114,8.9012,9.1257
GUCA2A,10.5861,9.6621,10.591,9.2769,7.4987,9.4954,11.4989,7.8894,10.1679,8.6017,9.3902,9.6818,11.0205,9.5952,4.658,9.2108,10.1651,11.269,10.6115,9.5513,7.8854,10.9614,10.8731,9.6098,8.6583,11.8413,10.2717,10.6733,9.7086,10.8658,10.7599,11.0319,11.0261,5.4217,10.8912,11.4009,9.8571,11.1354,10.6349,11.0645,10.9222,9.2664,9.5226,9.0088,10.9667,7.8165,10.6109,9.7697,10.6241,10.3807,8.0574,10.9008,10.5771,5.9375,9.7942,10.1594,9.2622,10.802,10.929,8.66,9.7065,10.5547,9.4858,10.2526,11.0836,9.8385,11.2512,9.455,10.4354,11.3941,10.7265,9.2177,7.7625,10.1889,11.2479,7.9139,9.3153,10.337,10.6431,10.2403,10.1732,5.742,10.0467,10.8075,7.7624,11.358
HADHB,9.6307,9.6966,9.2983,9.3776,9.0364,9.3344,9.6841,9.2372,9.2088,9.1095,8.9368,9.6288,9.3793,9.6757,8.9699,8.9574,9.5737,9.6303,9.021,9.4296,9.5454,9.6095,9.0766,9.3406,9.272,9.4185,9.2862,9.66,9.5488,9.6287,9.7672,10.1087,9.708,8.8251,9.3941,9.4912,9.6272,9.6534,9.8055,9.5318,10.0258,9.2975,9.5262,9.1535,9.5441,8.6394,9.886,9.2483,9.4036,9.2908,8.458,9.372,9.3382,9.0255,9.3335,9.4502,8.8483,9.3677,9.6007,8.9745,9.2507,9.52,9.23,9.4438,9.6509,9.3569,9.4747,9.2966,9.5381,9.6039,9.6197,9.2406,9.3368,9.573,9.6005,9.3824,9.0805,9.4448,9.408,9.3748,9.6979,8.9493,9.6542,9.7047,8.8624,9.1387
HOOK2,7.7038,7.3045,7.6885,6.4464,5.8672,7.3341,7.6563,7.3015,7.1981,7.3433,7.1035,7.6667,8.0086,7.1045,6.5515,7.6355,7.0097,7.5821,7.4292,6.5759,7.5111,7.2965,7.3291,7.2859,6.8109,7.6729,7.1093,7.5676,7.0111,7.647,7.6186,7.5237,7.8725,5.3675,7.3735,6.9331,7.2396,7.3376,7.5384,7.6712,8.2265,6.7727,7.4914,7.0091,6.9828,6.0757,7.3151,6.5639,6.9618,7.308,4.8346,7.2317,7.6397,6.4311,7.1596,6.8921,6.1723,7.4678,7.6671,6.8109,7.1058,7.4615,7.4149,6.6024,7.2871,7.1318,7.2598,7.0445,7.5026,7.8215,7.6989,7.1494,7.4853,7.8458,7.373,7.176,7.0412,7.1566,7.3762,7.9697,7.6642,6.4498,7.5189,7.7784,6.73,7.5065
IYD,7.6844,6.6367,7.8479,6.5004,3.1191,6.4984,8.1566,5.8269,4.9683,6.4708,6.087,7.5991,7.8501,6.0754,5.178,6.9411,7.0609,7.8573,6.3285,6.4853,6.2167,7.371,6.324,6.3997,5.1462,7.634,7.2775,7.2575,6.0533,7.2911,7.7854,7.6585,8.0549,3.1793,7.3177,5.8564,6.7395,7.6596,8.0159,7.7007,7.5134,6.1462,6.9029,4.1976,7.6039,5.7561,7.575,5.598,6.9182,6.8985,3.0494,7.8469,7.4523,3.6096,6.9174,6.8019,4.4618,6.8755,7.0265,6.2534,5.8276,6.434,6.227,7.6083,7.6905,7.3849,6.323,5.733,8.1743,7.5398,8.1198,6.2775,5.9433,6.862,7.9679,7.0644,5.956,7.9974,6.5229,7.0707,7.2281,4.4233,6.905,7.9778,5.5115,7.7896
KRT20,11.057,10.5423,11.1171,10.0414,9.8858,10.2661,10.6183,10.0912,11.1127,10.0571,10.6474,10.9006,10.5692,11.0935,8.3169,10.6216,9.7827,11.0753,10.6975,10.6981,11.3132,10.256,11.3611,10.7858,10.7896,10.9485,10.5648,10.4678,10.4372,10.9395,10.5677,10.7466,10.779,3.0019,10.9918,10.5462,10.2409,11.0614,10.9385,10.219,10.6172,10.745,10.579,10.3389,10.508,10.5791,10.63,9.9706,11.0687,10.7297,7.5979,10.1622,10.9245,10.2449,11.029,11.0831,9.0648,11.4482,11.3077,10.4408,10.078,10.4654,10.7936,10.7547,10.7514,11.2698,11.9306,10.7631,10.3383,10.5383,10.4968,10.1646,11.1111,10.3911,11.0217,10.2701,10.54,10.739,11.8876,10.8096,11.0186,10.1959,10.1219,10.5671,10.1874,10.587
LASP1,9.8692,9.4194,9.7306,9.3228,9.0706,9.2253,9.4821,9.0562,9.4022,9.2972,9.2808,9.7558,9.7714,9.2178,8.7211,9.5202,9.1728,9.918,9.1804,9.118,9.7849,9.5863,9.4325,9.4519,9.2689,9.7464,9.1788,9.849,9.2659,9.4443,9.4793,9.8491,10.0493,8.8247,9.4783,9.3427,9.5187,9.6492,9.7288,9.6031,9.4883,9.3994,9.3519,9.2367,9.6457,9.299,9.6312,9.3071,9.3146,9.3751,8.7933,9.6166,9.6097,8.9585,9.2805,9.355,8.9678,9.7462,9.6461,9.1843,9.3222,9.4216,9.7824,9.236,9.6851,9.5748,9.5646,9.3009,9.4592,10.0047,9.5323,9.6818,9.2958,9.6828,9.4654,9.2295,9.1447,9.3985,9.4123,9.7207,9.4863,9.2397,9.2398,9.5949,9.1728,9.5855
LGALS3,5.3391,3.7128,4.7446,3.8952,4.0311,3.7004,4.3723,3.4992,5.576,4.4048,4.8851,4.6915,4.4827,4.6928,3.4375,4.4592,3.6808,4.6742,5.213,4.5088,5.0107,4.2085,3.876,4.499,5.0939,4.3448,5.1455,4.3349,3.8251,4.0012,4.7719,4.7231,4.1216,3.4923,4.0431,4.6086,3.5667,4.7985,4.5466,4.4888,5.127,5.3806,3.9004,5.023,3.444,4.2232,3.7887,4.0918,3.622,3.9541,4.0075,4.0825,4.977,3.8946,5.2264,4.7639,4.6783,3.7574,3.9425,4.0977,4.1953,3.9234,4.186,4.3081,5.3113,4.586,4.6522,3.7747,4.3495,4.7839,4.8886,3.8927,4.3938,4.6598,4.5637,3.5468,4.3388,4.4869,5.9473,4.999,4.8678,3.7978,4.1759,4.3485,3.5413,4.5532
MALL,11.3385,10.7694,11.7468,10.5572,9.5979,10.6229,11.6155,10.2841,11.2136,10.6768,10.9561,11.877,11.2156,11.0088,10.0601,10.8601,10.8967,11.5264,11.2554,10.7247,11.4668,11.089,11.1262,11.3984,10.7765,11.8096,10.914,11.2018,10.8246,11.974,10.9865,11.7232,11.4457,7.5386,11.3884,10.9657,10.7597,11.6094,11.6904,11.3409,11.2359,10.5728,10.9047,10.6399,10.9799,10.5001,11.3628,10.5237,11.2773,10.9148,8.441,11.265,11.4661,9.8751,10.7382,11.8286,10.0212,11.5478,11.3888,10.2686,10.6108,11.222,11.4493,11.0728,11.4887,10.9878,11.9423,10.9559,10.8648,11.7607,11.6468,10.6601,10.974,11.5218,11.3116,10.3422,10.825,11.1673,11.3189,11.9779,11.611,10.1468,11.3524,10.9605,10.2945,11.3836
MAOA,9.5945,9.1837,9.4177,8.7056,6.0457,8.6383,9.5395,7.546,8.8336,8.1371,7.8465,9.1606,9.332,9.0414,7.1098,8.1322,8.9423,9.9361,8.7005,8.8352,8.0858,9.3133,8.8284,9.0993,8.2121,9.43,9.0499,9.2882,8.8975,9.4556,9.5589,9.3752,9.6867,5.793,9.0976,9.1028,9.3978,9.5944,9.6113,8.9177,9.6074,8.9843,8.993,8.5022,9.9877,8.1614,9.6717,8.5795,9.3262,8.6806,5.3941,9.5188,9.448,6.7408,8.906,8.8776,5.7125,9.4339,9.7274,7.79,8.7458,9.1564,8.5163,9.6656,9.4627,8.6828,9.1932,8.4962,9.5224,10.0346,9.5198,8.235,7.8326,9.301,9.6911,8.3666,8.4562,9.2266,8.6285,9.0806,9.1992,5.7571,9.1126,9.7683,7.7107,9.4697
MAOB,8.7337,8.0699,8.0935,7.78,5.9949,7.3648,8.929,7.4442,5.4974,5.7603,6.616,8.6401,8.079,5.983,6.9569,7.3808,8.2983,7.9376,5.4941,7.5208,5.9846,8.8739,5.5173,7.4029,5.4276,8.2858,8.5198,8.4126,8.254,9.0441,8.6629,8.7696,8.3684,5.4271,8.1369,7.4846,7.737,8.8743,8.3413,8.004,8.3848,5.6642,7.9139,4.9953,8.8713,4.8568,8.1342,7.3238,8.0078,7.9809,5.4024,7.9988,8.3391,4.5349,6.9609,5.6985,6.677,8.7542,8.0031,4.8135,7.483,7.2826,7.2426,8.6018,8.4709,7.7728,4.8861,6.9031,8.2685,8.5506,8.6341,7.2772,7.1006,7.3641,8.4578,7.5603,7.4559,8.56,5.6022,7.9009,6.8381,7.7098,8.4245,8.6834,5.6936,8.4926
MARVELD3,7.8244,7.2701,8.3604,7.0827,6.8161,7.3141,8.127,7.1963,8.1496,7.2315,7.5303,7.8292,7.7908,7.7599,5.2995,6.8618,7.3453,8.2727,7.7479,7.5086,7.7267,7.6378,8.5648,8.354,7.7303,8.3297,6.9829,8.3842,7.2951,8.436,8.3636,7.6553,8.2711,3.2519,7.2952,8.1546,7.6284,7.7118,8.0605,7.8686,7.8752,8.3323,8.0781,7.1178,7.9351,7.2128,7.9606,6.7962,7.7902,7.979,4.346,8.0466,8.1356,6.6301,7.9358,8.1371,6.6768,8.4723,8.4878,6.7526,6.974,8.0315,8.1518,7.9619,8.3549,8.0678,8.3848,7.7025,7.8914,8.2779,8.1454,7.1958,7.8556,8.2631,8.4007,7.4846,7.147,7.9612,8.3741,8.5397,8.1552,6.325,7.1667,7.7547,7.0101,7.7295
MATN2,8.872,7.7567,9.0182,7.9097,7.5842,8.1886,9.0031,6.474,6.5496,8.0081,6.1088,8.6609,8.2149,7.7753,7.5021,7.4931,7.8557,8.9739,6.2511,7.265,6.9154,8.7945,6.7691,7.5177,5.5553,8.509,7.4012,8.781,7.951,8.461,9.1853,9.1828,9.0111,5.3889,8.7814,7.3845,7.6518,8.7576,8.9813,8.9329,8.0255,7.2979,7.8063,6.5681,8.6073,7.0365,8.6626,8.1912,7.9544,7.6628,6.4126,8.9625,8.3813,5.4297,8.9286,7.3061,6.9291,8.228,7.8139,6.7195,7.5286,8.571,8.1699,8.3617,8.4032,8.3908,6.687,7.4228,8.0347,9.2848,8.9595,7.1843,6.9779,8.3093,8.6679,7.1724,6.8603,8.8196,8.1176,8.9126,8.0235,7.1003,8.2967,9.439,6.7804,9.1011
MEP1A,10.9285,9.8222,10.8477,9.5884,8.636,9.5776,10.8343,9.4107,9.4637,9.1917,9.2168,10.6129,10.9695,9.7328,6.1896,9.4444,10.0729,10.7898,9.8406,9.9389,9.7398,10.5601,9.8737,9.9778,9.3558,11.242,9.9649,10.4296,9.8711,10.8771,10.5632,11.1728,11.1775,4.5779,10.4923,10.0919,10.0571,10.8774,11.0023,10.7234,11.2534,9.0557,9.7892,8.4347,10.5808,8.0301,10.7467,10.0244,10.3185,10.062,5.7496,10.633,10.7777,7.3951,9.8311,9.5877,9.7231,10.711,10.242,7.9417,9.6769,10.4255,10.6501,10.5659,10.5698,10.0968,9.9879,9.6908,10.601,10.9276,10.681,9.554,9.557,10.5169,10.7585,9.809,9.6232,10.5864,9.5825,10.8023,10.4456,5.9006,10.2666,10.6662,8.8098,10.7424
MEP1B,10.988,10.0931,10.4923,9.8173,7.9496,9.4445,10.8643,9.374,7.892,7.7608,8.2721,10.9189,10.1995,9.2712,6.3578,9.4191,10.1879,11.0197,7.4324,9.5238,9.0145,10.2451,8.3862,9.5199,7.1047,11.0221,9.9669,10.0611,10.1839,10.9664,11.0023,11.6858,10.715,6.1771,10.5304,9.8978,9.8437,10.947,10.9349,10.4674,11.232,8.6603,9.8273,5.8264,10.8403,5.9078,10.8395,9.6928,10.3353,9.3286,4.2925,10.5462,10.252,6.0927,9.1427,6.7475,8.9626,10.3641,10.2964,6.3848,9.7392,10.4017,9.5208,10.9373,10.2967,9.7341,6.1991,8.9731,10.228,11.0573,10.802,9.7102,8.8753,10.0903,10.5238,9.3248,9.7482,10.7358,8.0122,10.869,9.935,5.8934,10.5382,10.7623,6.7895,11.015
MGAM,11.2448,10.3859,11.1858,9.5656,8.8131,9.3714,10.9649,9.7476,5.6302,6.9612,8.7776,11.3646,11.2181,9.1127,7.34,9.7615,10.7071,11.5075,6.0281,10.0921,8.3693,10.8915,6.2987,9.6135,6.6975,11.5602,10.5822,10.6467,9.7937,11.3808,10.7906,11.5343,11.1906,8.6664,10.8152,9.8717,10.4733,11.5193,11.258,10.6281,11.0772,7.368,9.9421,4.0191,10.9175,6.4069,11.0669,10.0167,10.5278,10.3477,5.9222,10.7335,11.0621,4.1915,9.6459,5.8617,9.6603,10.7034,10.4123,5.8052,10.2471,10.6907,10.196,11.0977,10.9189,10.1027,5.9044,9.8556,10.8381,11.2948,11.3747,9.4913,8.5454,10.416,11.2272,8.9171,10.3761,10.8221,7.0046,10.9003,8.7449,7.4955,10.7323,11.3185,5.0748,11.0563
MME,9.9557,9.4893,9.3025,8.4423,7.5154,8.3221,9.6834,8.1529,3.8016,6.1442,5.925,9.8306,9.3491,4.6233,5.005,8.2821,8.9561,9.5431,3.4803,8.1259,6.9509,9.3222,3.0809,7.9064,4.104,9.5262,8.632,9.3697,8.2039,9.8901,9.5033,10.0392,9.5373,8.26,8.9034,8.2639,7.7414,9.5284,9.7883,9.2342,10.0309,3.1944,8.472,3.746,9.2337,4.575,9.3361,8.4404,8.9823,8.2186,5.8612,9.0321,9.0108,4.2402,7.8067,3.729,8.0528,8.9296,8.6667,3.8303,7.9758,8.9934,9.1494,9.6011,9.1206,8.1001,3.6238,7.9341,9.1695,9.4656,9.87,7.6316,6.6297,8.9019,9.4585,8.091,8.2684,9.192,3.399,9.1164,6.7293,5.7634,9.1981,9.4393,4.9649,9.3386
MOGAT2,9.5285,9.2449,9.1294,8.6176,5.8689,8.6741,9.1794,8.2668,8.0714,7.9804,3.8568,9.2549,9.3395,8.387,4.8405,8.8463,8.5985,9.3963,8.2388,8.458,8.6781,8.9697,7.5626,8.9091,7.613,9.1444,6.1864,9.0536,8.8904,9.3324,9.2403,9.0921,9.3581,4.2822,8.9974,9.1222,8.7807,9.3045,9.4311,8.9832,9.908,7.8147,9.1379,8.0504,8.82,5.6834,9.1704,8.4477,8.9429,8.3735,4.3703,8.9541,9.1168,6.2426,8.3615,7.728,6.3813,9.4453,9.3906,7.4586,8.2729,8.8004,9.1504,9.1375,9.1702,9.1319,8.4966,8.8114,9.0159,9.4579,9.2342,8.439,8.1834,8.8449,9.131,8.5799,8.2407,8.7765,8.6506,9.793,9.084,6.4432,8.5401,8.9911,6.8329,9.2653
MUC17,12.0244,11.0001,11.5566,10.9694,11.1836,10.9078,11.4694,11.1714,7.0511,11.2914,11.4462,11.3403,11.4895,11.4779,10.3379,11.3606,11.1743,11.9893,7.3038,11.4533,12.0016,11.6214,8.0365,11.7915,10.0814,12.0071,11.4006,11.4902,11.3638,12.1976,11.1872,11.9831,12.1578,5.0681,11.6289,10.6154,10.7788,12.2976,11.686,11.3002,11.4844,9.7045,11.279,7.1593,11.4619,8.7407,11.646,10.7429,11.2907,11.9528,6.2548,11.185,12.0636,9.3009,10.9403,9.9772,11.2161,11.4327,11.2223,9.2187,11.207,11.6112,11.8802,11.2765,11.0629,11.5155,9.6341,11.3522,11.3111,11.8983,11.9371,11.19,11.4625,11.7301,12.0236,11.1258,11.5194,11.5033,10.3093,11.9626,11.4357,11.0232,11.4572,11.6894,9.7621,11.7039
MYO1A,9.4565,9.0512,8.8795,8.4669,6.856,8.8726,9.5577,8.1115,7.659,7.9015,8.9759,9.1138,8.7947,8.5248,7.0921,8.4373,8.5952,9.3562,8.4292,8.8213,8.8775,9.1818,7.7658,8.7918,7.6284,9.212,8.9757,9.2092,8.9377,9.0162,9.6092,9.1265,9.7017,4.1624,9.3066,8.2275,8.6674,9.2252,9.4224,9.0402,9.4087,7.9687,8.9187,7.6664,8.9413,7.0082,9.166,8.4393,8.5982,8.6917,5.8122,9.0826,9.2085,6.6072,8.5438,7.7893,6.9536,9.083,8.702,7.7607,8.3664,8.8891,8.6776,9.2275,9.3978,9.1766,8.015,8.8393,8.8237,9.5455,9.4719,8.4262,8.4227,8.9302,9.1444,8.7824,8.7245,8.9299,8.4902,9.0451,8.4484,6.8048,8.8769,8.542,6.2838,8.9769
MYO7B,8.46,7.7556,8.2524,7.9665,7.2875,7.4948,8.5753,8.2953,7.582,8.1482,8.304,8.0638,8.6297,7.9906,6.9162,7.5937,7.7717,8.3168,8.012,8.2765,8.8752,7.9652,7.2596,8.3017,7.9201,8.6966,8.1383,7.881,7.709,8.5994,8.2487,8.0492,8.5589,4.6282,8.3132,7.8113,7.5195,8.5559,8.7187,8.3938,8.4614,8.0054,8.3754,7.7528,7.7721,7.8254,8.2455,7.6139,7.6742,8.2706,5.0246,8.3471,8.4398,6.6544,8.0808,8.0641,6.9689,8.1393,7.8489,7.3877,7.3712,8.3269,8.5791,8.3827,8.6042,8.5841,8.3299,8.3433,7.8489,8.633,8.3661,8.1389,7.9066,8.7135,8.414,7.9252,8.155,8.2618,8.3612,8.8198,8.4761,6.4545,7.9613,7.7161,7.3099,8.8295
MYOM3,7.8368,6.3443,6.7534,6.8282,6.2768,6.7949,7.9146,6.7612,5.8892,6.2043,6.4702,7.3791,6.9938,6.8938,6.6475,6.4051,6.6223,7.0726,6.3986,6.7392,7.308,6.8712,6.3738,7.2466,6.5651,7.7295,6.9518,6.4968,6.9129,7.3689,7.5567,7.7796,7.7453,5.6905,7.1382,5.7917,6.4088,8.1769,7.1281,7.4444,7.1787,6.9901,7.0901,5.598,7.592,5.5913,6.8986,7.2761,6.7565,6.6564,6.5351,7.5574,6.8629,6.3483,6.4592,5.6939,5.9963,6.432,7.0194,5.8946,7.0886,6.6367,6.5144,6.7028,7.1257,7.4398,6.5655,6.5136,7.1716,7.8723,7.576,6.7385,6.7142,7.751,7.9004,6.4958,6.8157,6.8614,6.2865,7.3738,6.7775,5.985,7.4482,7.4177,6.3647,6.8429
NAALADL1,8.6149,7.8028,8.048,5.9085,5.6414,5.6584,9.265,6.3049,5.5097,5.3099,5.7967,8.361,8.4132,6.392,4.1047,6.7958,7.826,8.5009,5.2164,6.8577,5.1908,7.9068,5.8795,7.2509,4.4633,9.0864,7.618,8.3104,7.0873,8.4862,8.6342,7.8235,8.9281,5.0009,8.3519,8.097,7.225,8.6774,8.5377,8.1476,8.9527,4.4898,7.0809,3.8437,8.5622,4.5348,8.5752,7.2382,8.2038,7.8611,5.2177,8.6155,8.5922,5.4867,6.2149,5.4407,6.8519,8.1557,8.4016,4.8653,6.9387,7.8141,6.5584,7.9083,8.8471,7.9126,5.8285,6.2184,7.9939,8.8358,8.3763,6.5393,5.5181,7.751,8.5989,5.7523,6.8093,8.0886,6.4042,7.9006,6.5545,4.8469,7.6343,8.4036,4.7149,8.5639
NHSL1,9.8019,9.1267,9.3001,9.1961,7.3756,9.5357,10.1108,8.8888,9.0441,9.8888,9.3044,10.0834,9.7766,9.8436,7.7519,8.602,9.2347,9.5726,9.4139,8.9487,9.484,9.6545,9.1435,9.0104,9.2594,9.7576,9.62,9.6899,9.3894,9.2823,9.4292,10.1731,9.9177,4.3697,9.7719,9.1144,9.1995,9.551,9.553,9.4551,9.5726,9.2621,8.9422,8.5123,9.6111,8.137,9.8033,8.6997,9.1267,9.1199,6.1135,9.9174,9.722,7.6552,9.6507,9.4832,7.1385,9.4973,9.4008,8.6895,9.1396,9.1943,9.2211,9.6388,9.8057,9.5288,9.4153,9.1054,9.4071,9.7029,9.4437,9.333,9.37,9.8266,9.5439,9.2453,8.7563,9.5789,9.7098,9.7093,9.6548,7.7172,9.5581,9.8274,8.4726,9.6015
NR1H4,7.9771,6.5373,8.9604,7.5746,5.7017,7.7763,9.1632,7.2812,6.1707,7.8492,8.4446,6.6395,8.334,8.3658,4.0211,6.0935,8.2063,8.7971,6.0371,8.8554,9.0882,8.667,6.4202,8.4773,7.2936,8.913,8.221,8.6018,7.7631,8.7843,8.9687,8.9592,9.4614,3.9078,8.037,8.3272,7.3524,8.6454,7.9899,8.7324,8.7707,6.3112,8.1296,3.8201,8.5409,4.9,8.731,7.3278,8.2185,7.9027,3.2071,8.595,8.2553,5.1085,8.5084,7.6423,4.6785,8.7191,7.8374,6.6023,7.4493,7.7055,8.0143,9.2461,9.5046,8.897,3.1127,8.6746,8.3596,8.7693,9.1339,7.4117,7.8063,8.9024,8.4297,7.9442,7.4405,9.2114,8.3402,8.0419,7.7833,3.7283,8.0335,8.4716,5.5496,9.3116
NR1I2,9.2635,8.9646,9.2098,8.6374,7.7803,8.7064,9.0398,8.8442,8.4198,8.9121,8.7206,9.3679,8.8832,9.3587,8.5508,8.8883,8.7428,9.4787,8.979,9.1487,9.5333,8.9763,8.9553,9.043,9.0622,9.1132,9.0597,9.0642,8.8409,9.2913,9.4856,9.3828,9.4847,3.6462,8.9243,8.6452,9.0566,9.2501,9.264,8.6158,9.7594,8.8209,9.1164,8.1292,9.5004,7.6272,9.2765,8.4677,9.1264,8.8911,4.9301,9.0967,8.9863,7.717,8.4612,9.1574,7.2156,9.4723,9.1717,8.832,8.5774,9.059,9.1153,9.4204,9.4841,9.2759,9.7611,9.0931,9.1791,9.4307,9.2606,8.8695,8.8453,9.1572,9.2183,8.9368,8.5236,9.3271,9.333,9.5219,9.2759,8.0003,8.9596,8.9134,7.904,9.2769
OAT,11.6124,11.0248,11.6469,10.5917,9.0294,10.8263,11.4883,10.1889,7.5459,9.5871,9.6346,11.8896,11.2648,9.7961,9.0647,10.2724,11.3255,11.4934,8.1536,11.0903,10.1597,11.4611,9.1261,10.5032,9.1481,11.0202,10.8523,11.3902,10.685,11.7327,11.1299,11.9637,11.2717,9.2394,11.0245,11.0139,10.9766,12.0346,11.9371,11.828,11.2097,8.5102,10.8013,8.1322,11.3577,8.4939,11.5462,10.694,11.1079,10.3371,8.1491,10.924,11.3402,8.8162,10.2911,9.3435,9.0888,11.0802,11.5098,9.0093,10.8558,11.0987,10.5095,11.5617,10.9974,10.8859,8.506,10.4912,11.5312,11.5768,11.8427,10.2362,9.9289,11.1361,11.4514,10.4731,10.6644,11.577,9.3884,10.94,10.4452,9.5291,11.4837,11.2896,8.5659,11.5011
PAPSS2,8.9461,8.3596,8.7452,7.9962,7.908,7.7621,9.4903,8.319,8.7752,8.4956,8.9477,8.3778,8.5792,8.7708,7.6875,7.3179,8.1496,8.9595,9.3096,8.5773,8.9673,8.7626,8.8312,9.004,8.9306,9.2518,8.9018,9.0071,8.4461,9.1282,9.5092,9.1445,8.9661,7.6577,8.555,8.341,8.1624,8.9868,9.1481,9.295,9.0693,9.4712,8.4687,8.4933,8.9212,8.9448,8.9075,8.2418,8.5938,8.7511,6.9762,8.4581,9.3328,7.9639,8.6062,9.4607,7.0072,9.5281,8.9739,8.7897,8.4323,8.3184,8.4439,8.8972,9.3605,8.9042,9.4151,8.4031,8.7552,9.1021,9.4485,8.2457,8.2545,8.757,9.0459,8.0865,8.2979,8.6635,9.529,8.7306,9.1809,7.7555,8.4673,8.1348,8.5037,9.0331
PCK2,11.3899,10.8648,11.5784,10.7859,9.2443,10.7981,11.6649,10.0933,9.6133,10.0148,9.8537,11.6654,11.1202,10.721,8.2224,10.6458,10.8148,11.2985,9.9181,11.0608,10.4757,11.1877,9.8206,10.9068,9.7024,11.2425,10.8133,11.4714,10.513,11.5433,10.9379,11.8117,11.437,8.3942,11.1596,11.2143,10.7607,11.9665,11.7047,11.5556,11.5345,10.0366,10.7685,9.2777,11.5216,9.2006,11.2162,10.6963,10.9787,10.2072,8.5228,11.1895,11.0529,8.8288,10.2206,9.9806,9.2349,11.0955,11.4488,9.1274,10.8457,11.1347,10.9523,11.267,11.4972,10.8814,10.3289,10.9364,11.1649,11.7031,11.7154,10.0727,10.3334,11.1841,11.5178,10.6595,11.1948,11.0999,9.7691,11.6171,10.7677,8.5968,11.1682,10.5125,9.3247,11.3808
PCSK5,8.5068,7.9468,8.4661,7.6531,6.3946,7.2909,8.5835,7.1671,7.9093,6.8939,7.5235,8.56,8.3429,7.3558,6.4056,7.7694,7.4305,8.7159,7.3768,7.7938,7.4543,8.3706,6.2811,7.761,6.6681,8.7181,8.284,8.0206,7.5625,9.2743,8.4398,8.3463,8.4335,7.1422,8.0707,7.4351,7.4759,8.6652,8.6664,7.9786,8.7294,6.9974,7.7827,6.6427,8.6825,6.5055,8.5131,7.3377,7.8874,7.6443,5.5116,8.4283,8.5077,4.7332,7.3271,7.5974,6.0271,8.3464,8.088,6.7895,7.5302,7.6758,8.0905,8.7777,8.3077,7.6871,7.5762,7.5074,8.0195,8.8904,8.6497,7.8627,7.3597,8.2448,8.641,7.5241,8.2756,8.349,7.7056,8.5176,8.1862,6.2294,7.9583,8.3188,6.6427,8.2515
PEPD,9.3629,9.2194,9.3138,8.2445,7.3724,8.4361,9.312,8.2134,6.3175,7.7332,8.3427,9.3546,9.3535,8.2126,5.4772,8.3656,8.6151,9.127,6.7445,7.9646,8.3663,9.5057,6.2196,8.5411,7.6605,9.1452,8.2975,9.6268,9.0365,9.8569,9.0702,9.319,9.8468,6.981,8.6994,9.5416,8.6123,9.5509,9.5966,8.9658,9.7034,7.7641,9.136,6.0445,9.387,7.3732,9.4379,8.1873,9.3758,8.9025,6.6094,9.1562,9.3055,7.1636,8.8119,7.2102,7.3982,8.9473,9.6428,6.9381,8.4595,8.4358,9.0789,9.2549,9.5269,8.9476,6.2389,8.5863,9.1951,9.4479,9.2137,8.6247,8.694,8.8176,9.7153,8.3255,8.3152,9.2745,6.6439,9.0801,7.9997,7.9973,9.1973,9.6044,6.8422,8.7269
PHGR1,6.1502,6.2378,5.9478,5.6104,5.4693,5.8775,6.321,4.6588,6.7616,5.735,5.6186,6.7367,6.8617,6.0077,4.6531,5.7646,5.9327,6.2842,6.35,6.1561,6.5086,6.2255,6.3983,6.1933,6.1028,7.2592,5.5533,7.1028,6.0682,6.3056,6.1605,6.3655,6.4106,3.1486,6.2518,5.6995,6.087,6.2186,5.9247,5.9424,7.1485,6.2727,5.7762,5.8818,6.2659,5.0054,6.3667,5.0837,6.0608,6.0909,4.3191,6.3058,6.2258,5.0091,5.8896,5.9132,4.9195,6.4701,5.75,5.0965,5.9061,6.0873,5.9416,5.0498,6.791,6.3234,6.6449,6.0617,6.1498,7.2329,6.1621,5.2779,5.8502,6.1082,6.2704,5.2642,5.092,6.2803,6.4487,7.0621,6.1303,5.0392,6.0181,6.3233,5.1428,6.5542
PHLPP2,8.5375,7.8404,8.292,7.241,6.1243,6.5321,8.9092,7.028,8.1048,6.5812,7.0555,9.2226,8.7399,7.9315,6.0167,7.0096,7.4724,8.9105,8.2317,8.0487,7.7266,8.4336,8.4075,7.9456,6.9921,8.6728,8.0363,8.4425,7.4419,8.9423,8.8287,9.0524,8.91,5.2318,8.2703,7.2852,7.9342,8.691,8.7072,8.5775,8.6193,8.0115,7.6611,6.7853,8.5676,5.3823,8.5767,7.1059,7.971,8.0433,5.7218,8.404,8.465,6.2444,8.2841,7.7668,7.3205,8.9284,8.05,6.0358,7.2374,8.1411,7.8282,8.337,8.5596,7.7471,8.71,7.3392,8.1003,8.7177,8.91,7.344,7.4334,8.5133,8.9455,6.9945,7.3118,8.4365,8.4092,8.2151,8.2512,5.1519,8.4406,8.5845,6.6503,8.3476
PLCB3,9.1677,8.994,8.9684,8.512,7.7093,9.1764,9.3149,8.7496,8.5443,8.8057,8.9815,9.1614,9.6411,8.9185,8.5147,8.3145,8.7075,9.2856,8.464,8.9022,8.9864,8.9383,7.9179,8.972,7.8175,9.1047,8.9583,8.9856,8.9345,9.3375,9.2444,8.9917,9.3936,8.0062,8.9718,8.643,9.0851,9.4136,9.2931,8.9826,9.1769,8.1475,9.0602,8.1997,8.9443,8.5985,9.2376,8.6802,8.7599,8.7399,7.5201,9.1002,9.0589,7.6854,8.5324,8.2542,8.0615,9.1087,9.0022,8.1027,8.5379,8.5327,8.9669,9.1507,9.2098,9.2947,8.4325,8.853,8.9795,9.667,9.0648,8.9251,8.9053,9.2199,9.3813,9.0326,9.0951,9.0447,8.317,9.4996,9.0606,8.1871,8.839,8.8525,8.6031,8.9584
PLIN3,8.8288,8.2614,8.8633,7.8721,8.1951,7.9451,8.6427,8.3804,8.321,8.0861,8.9366,8.2984,8.3736,8.0521,8.2895,8.7114,7.6296,8.2432,7.9529,8.1817,8.9896,8.0923,8.2106,8.9121,8.1864,8.5009,8.0937,8.5723,8.6158,9.0857,8.4312,8.5497,8.4246,7.9488,7.9995,8.8109,7.4715,8.5041,8.726,8.2907,8.2859,7.4282,8.8266,7.9912,8.3179,8.2211,8.5451,7.3723,8.5293,8.2063,7.3685,8.1541,8.5236,7.8979,7.9461,8.2164,7.6755,8.3997,9.128,7.8602,7.9325,8.2932,8.783,8.3129,8.2881,8.3508,8.5615,8.2042,7.8199,8.033,8.5479,8.2558,8.6271,8.6025,8.4669,7.7145,8.2132,8.3547,8.1623,8.9012,8.0045,8.0225,7.8651,7.407,7.98,8.2764
PRAP1,10.3361,9.6073,9.9281,9.055,7.4687,8.9856,10.0233,9.0115,8.1683,8.7043,8.7042,9.5293,9.7031,8.95,5.8938,9.5903,9.3476,10.0153,7.746,9.2398,9.2462,9.6094,9.51,8.9877,7.7509,10.2697,8.9944,9.8108,9.2909,10.1049,9.7002,10.2815,9.5969,4.0163,9.5021,10.5074,9.0893,9.7416,10.1288,9.3269,9.9421,8.6271,9.509,6.3731,9.2537,6.3077,9.5272,8.795,9.4428,8.9228,3.8355,9.2608,9.4356,5.6403,8.6691,8.3494,8.2272,9.0544,9.9683,6.2884,8.699,9.7443,9.6448,9.2091,10.2149,9.2982,7.697,8.895,8.9056,9.5248,9.6528,8.8301,8.3068,10.0343,9.8038,9.2968,9.3804,9.3292,8.2694,10.3029,8.8205,6.4808,9.2053,9.3129,6.3969,9.8784
PRODH,9.1457,8.0623,8.0001,6.7145,4.7553,6.096,8.7469,5.3597,4.5634,5.888,5.7011,8.1104,9.4622,6.0508,4.7619,6.7915,7.3157,8.561,4.9242,6.6284,5.7749,8.2254,4.8176,6.5575,4.6057,8.7878,7.6256,8.3869,6.6048,9.0332,8.6351,9.0714,8.9434,4.718,8.8531,8.3468,7.2639,8.807,8.3199,8.4695,9.0999,4.4417,6.6161,4.9037,7.9403,4.8849,8.4125,7.033,7.567,6.5969,4.9311,8.4992,8.0204,4.3498,6.8263,4.9265,5.8107,8.1943,8.6548,4.4115,7.3206,7.9398,7.0383,7.3613,8.2977,7.3188,5.2795,6.948,8.4058,9.2195,8.8224,7.4654,5.2103,8.2306,8.6569,5.2357,6.5314,8.2335,5.1159,8.9401,5.3574,5.2974,8.0509,8.3805,4.9174,8.9647
PTGR1,7.2878,6.8909,7.119,6.4665,6.1392,6.6479,8.2706,5.6405,4.8776,5.2293,5.969,8.4452,7.7259,6.4774,7.0274,6.2801,6.793,8.2712,5.9095,7.4734,6.8335,7.3913,5.6718,6.4698,4.5298,6.8398,6.8951,7.7215,6.4901,7.2003,8.0763,7.4286,7.9588,4.3304,7.1409,5.9975,7.3165,8.256,7.9273,7.943,8.3282,5.0533,6.2817,4.6799,8.5602,4.6749,7.8612,6.0449,7.1913,6.3724,4.9989,8.2947,7.4896,4.3735,5.3129,5.5649,4.6422,7.2861,7.0391,4.5868,5.8816,6.4511,6.76,7.7711,8.7817,6.6484,4.3595,5.4625,7.7816,8.5733,7.7143,5.0492,6.6188,7.5151,7.208,5.9843,6.3504,7.9179,5.0882,7.7793,7.4826,6.0364,7.3531,7.945,4.344,7.6126
PTPN3,7.8686,6.8334,7.2781,6.6218,5.844,6.6581,7.8306,6.6146,7.2151,6.6774,7.2219,7.1616,7.2157,7.1788,6.8808,7.2779,6.7341,7.62,6.9008,6.9605,7.5462,7.1294,7.1108,7.2697,7.2407,7.6862,6.9581,7.4616,7.2093,7.6583,7.5414,7.2559,7.5538,4.5767,7.0618,6.8191,7.0631,7.3937,7.1144,7.438,7.3507,7.2144,7.373,6.8237,7.6111,7.2321,7.4335,6.2453,7.4322,6.7749,4.8829,7.0469,6.9769,6.5962,6.9824,6.7766,6.0925,7.0369,7.3179,6.6706,6.3708,6.9555,7.1654,7.7203,6.9952,7.1393,7.6153,6.9025,6.9425,7.4344,7.6405,6.8023,6.8674,6.7898,7.2848,6.5901,6.7017,7.2921,7.4555,7.5372,7.3402,6.7719,7.0112,7.0631,6.7191,7.1624
PTPRF,7.3675,7.0195,7.9164,7.0231,5.3464,6.8981,7.893,7.196,8.0887,7.9553,6.4607,7.6445,8.3717,6.8518,6.5594,7.6929,6.7141,7.4548,7.8945,6.6419,7.2361,7.1599,6.8734,7.4773,8.0824,8.1342,7.4279,7.9631,6.6018,8.0903,7.1695,7.6331,8.0826,4.3422,7.3185,5.4813,6.829,7.7409,8.1159,7.5928,8.5383,7.5746,7.7542,7.3043,6.628,6.7156,7.5667,6.5567,7.0401,6.759,4.4509,8.0163,7.5674,6.1588,6.8699,7.5666,5.4349,7.7671,7.6084,7.0188,6.3166,8.1498,7.3471,7.6666,8.1623,7.6459,7.946,6.7532,7.2003,7.702,7.4827,7.5427,7.0814,8.2768,7.3985,6.7733,6.9372,6.9208,7.8576,8.9511,7.8496,6.491,7.2013,7.1436,6.7919,7.7635
PTPRJ,6.6321,5.521,6.4828,6.33,6.7286,6.0149,6.9298,6.4528,5.8668,6.6861,6.2956,6.3833,6.366,5.1979,5.1549,6.2184,5.4347,6.8088,5.8634,5.1015,6.3991,5.6829,5.8544,6.9001,6.2403,7.0014,5.8961,6.2824,5.4958,6.7792,6.53,6.8989,6.5688,5.8903,6.3218,5.6134,5.8954,6.8578,6.352,6.497,6.3721,5.7423,5.6737,6.4946,5.7234,6.1036,6.2462,5.9346,5.6225,5.7489,6.6597,6.6126,6.6433,5.5261,5.0424,6.3179,6.9536,6.6645,6.4157,6.2507,5.9781,5.7894,6.6046,5.6571,6.6732,5.94,5.7253,5.9352,5.3022,6.1666,6.4466,6.3229,6.2237,6.3199,6.713,6.3245,5.7898,6.6688,5.7139,7.0485,6.5148,5.3583,5.9947,7.0195,5.6976,6.5816
PTPRK,7.9346,8.2948,7.8857,8.0829,7.4423,8.6622,8.8215,7.9819,7.6527,8.5131,8.1658,8.5398,8.728,8.9008,8.3111,8.8284,8.1668,8.8771,8.1827,8.2151,8.4988,8.2782,8.2959,8.6399,7.7937,8.4461,8.335,8.8212,8.0982,8.1193,8.6925,8.7321,8.8984,7.2655,8.3219,7.8062,8.4751,8.7289,8.6626,8.7491,8.445,8.8936,8.2273,8.3246,8.9483,8.0758,8.9987,8.0447,8.2969,8.4429,6.9023,8.5994,8.4334,8.1271,9.1598,8.68,7.1541,8.1716,8.1812,8.6449,8.3908,8.2746,8.2283,8.4717,8.6426,8.5405,8.5775,8.2824,8.8152,9.0096,8.8551,7.869,7.947,8.3206,8.661,8.4784,7.8807,8.7477,8.9919,8.4638,9.0108,8.2314,8.3568,8.9949,8.5287,8.5595
RAB11FIP1,8.5404,8.1912,8.399,8.0977,7.904,7.8697,8.5856,8.1996,8.2193,8.2822,8.2548,8.8104,8.2729,8.3155,8.5099,8.2821,7.9146,8.8716,8.0661,8.2174,8.7462,8.4804,8.6016,8.9414,8.8807,8.6379,8.2399,8.1003,8.2741,9.4325,9.1551,8.3268,8.5126,6.8035,8.5982,7.0193,7.8736,8.7709,8.55,8.5307,8.6127,8.4818,8.8739,7.6882,8.8281,7.9909,8.6251,7.605,8.8824,7.9334,6.4617,8.6346,8.5013,7.694,8.2175,9.0197,7.8981,8.9874,8.3972,8.3437,7.6935,8.4415,8.8266,8.8692,8.9073,8.6624,9.9082,8.3135,8.4618,8.7625,8.9197,8.0082,8.4479,8.5821,8.3625,8.2192,7.7412,8.4564,8.5999,8.7837,8.8951,8.5034,8.2034,8.2349,8.3547,8.9884
RORC,7.4906,6.6129,7.1057,6.7227,5.3749,6.4385,7.2505,6.7189,6.6164,7.1374,6.3119,6.9927,6.8306,6.873,6.6151,7.3245,6.5133,6.8136,6.8177,7.0812,6.1804,6.7735,6.4089,7.068,6.4831,7.6082,5.935,7.3542,6.2024,7.0097,7.3574,7.1957,6.6964,5.708,6.921,7.7471,6.8307,7.2033,7.1889,7.1533,7.0273,6.3413,6.4547,6.4071,6.6749,6.473,6.8106,6.7903,6.1355,6.66,6.0329,7.1113,7.0582,6.0713,6.9718,7.1321,5.957,6.5477,7.5139,6.5127,6.3355,6.62,6.2927,6.7079,6.9802,7.2253,6.8847,6.5792,6.9737,7.2875,7.6449,6.7404,6.7501,7.2262,7.0083,6.1306,6.6333,6.6098,6.7759,7.5937,6.1286,5.7282,6.0604,7.6547,6.6235,7.3993
RTN4,7.3244,6.2674,7.2402,6.8518,7.2009,6.3111,6.8506,6.7155,5.9307,6.6594,6.6937,7.4292,7.4357,6.4851,5.4386,6.7877,6.4478,7.1089,6.5867,6.653,6.5355,6.5977,5.0444,6.2542,6.7486,6.7148,6.4691,7.1732,6.1587,6.1191,7.1881,6.7884,7.294,6.4495,6.5414,5.4798,6.3164,7.1006,7.2069,6.6041,7.1307,6.5936,6.0764,6.1992,6.9863,5.7951,6.5565,6.5881,6.4186,6.3624,6.6974,7.4289,6.2267,6.0879,5.5882,6.4193,7.0381,6.5253,5.5495,6.6089,6.7264,6.6347,6.1511,6.1274,7.1726,6.5678,6.4473,6.6306,7.341,7.5307,6.9917,6.6583,6.1961,6.8212,6.9458,6.2606,6.2128,6.5234,6.0773,7.0912,6.9082,5.8275,6.9979,7.022,6.4693,6.8744
SEPHS2,10.1862,9.8553,9.7377,9.415,9.1793,9.8008,9.9855,9.3922,9.7994,9.4831,9.459,10.2421,10.1644,9.7604,9.2413,9.5364,9.5891,10.1488,9.8183,9.5869,9.7936,10.1428,10.3147,9.4368,9.5631,10.0745,9.2314,9.9911,9.8655,9.8615,9.9675,10.4995,10.2043,8.9719,9.8388,9.9136,10.0565,9.9236,10.3638,9.8596,9.9682,9.5665,9.6174,9.5384,9.9631,9.4021,9.7532,9.6595,9.7318,9.7628,8.9586,10.0261,10.055,9.2837,9.8089,9.8079,9.3117,9.9151,10.124,9.5673,9.8086,9.9229,9.9143,9.8116,10.0443,9.6606,9.7479,9.6755,9.7742,10.1258,10.1912,9.6462,9.3138,10.1646,10.2413,9.7757,9.4144,9.8855,9.59,10.3268,9.9551,9.1334,9.6064,10.3467,9.2354,9.8975
SEPP1,7.181,7.7594,8.3143,7.0294,5.0563,7.1603,8.31,7.1997,3.5562,7.3554,6.4186,7.0779,8.7998,7.9291,3.9906,6.6501,7.9636,8.2419,6.3258,8.2127,8.4655,7.7798,5.8796,8.4342,6.8098,8.8099,7.7152,7.8249,6.7985,8.4282,8.6982,8.6332,8.7728,3.599,8.8231,6.5668,7.5156,8.4133,8.6615,8.1479,8.7086,4.0323,7.8722,6.6461,8.3313,3.7253,8.1402,6.6998,6.8515,7.7669,3.511,7.7686,8.4634,3.9058,7.786,7.7723,6.2864,8.0139,6.7535,6.8911,7.0993,8.4901,7.9366,7.8473,8.4448,8.2995,8.0694,7.687,8.1496,8.999,8.8772,7.0431,7.7467,8.0988,8.4227,7.2255,6.6898,7.8661,7.0518,8.5876,7.6991,3.1253,8.0361,8.6976,4.513,8.9086
SLC10A2,9.8539,9.6546,10.8465,9.6508,4.2805,5.6563,11.2396,7.4456,3.779,3.5522,9.1222,8.5963,10.6378,7.5165,3.4148,6.8231,9.5866,11.1339,2.8623,9.26,8.962,10.8773,3.2462,9.3278,4.5345,11.1564,10.2552,9.9238,9.3825,11.2912,10.7666,10.2898,10.9182,3.1353,10.2925,9.8435,9.6167,11.2063,9.5705,10.9031,10.601,3.2522,9.6725,3.2545,11.5028,3.0454,11.1057,9.5956,11.2136,9.628,3.3248,10.5074,10.6707,3.1411,9.8359,3.1851,6.2004,10.212,10.1959,5.6769,9.9724,9.7326,8.8553,10.5596,10.7577,9.6392,3.683,9.1699,10.3633,11.0608,10.917,8.3687,8.9072,9.7971,10.942,5.3888,6.7125,10.3025,4.0081,9.1407,7.8757,3.3541,10.2993,10.2632,3.7587,10.6768
SLC13A1,8.3946,4.0811,7.9206,3.4034,3.1495,3.5297,8.1353,3.7222,3.0824,4.0047,3.2342,3.0558,7.7688,3.9581,3.156,3.2856,6.5229,7.9504,3.1394,5.6171,2.9209,7.6707,3.0937,3.1127,2.9254,7.5256,5.3482,6.1139,3.3123,8.4162,8.1219,9.4694,8.6481,2.7988,8.1733,5.1545,5.0717,8.9466,6.1944,7.8816,7.2354,3.4205,3.4985,3.239,7.654,2.8205,7.0636,5.7676,6.5589,7.0186,3.3298,8.1617,7.0294,2.7489,3.4785,2.866,3.0638,7.587,5.1448,3.1865,6.1105,7.9271,3.8832,4.7997,6.0189,5.6211,3.2854,3.386,6.3992,7.6432,8.8795,4.5153,3.1764,6.5899,8.8071,3.1928,4.6627,6.3894,2.9686,7.68,4.2078,2.9527,7.2428,9.2748,3.3407,8.0359
SLC15A1,11.5039,10.1894,11.235,9.5434,8.8641,9.1453,10.916,9.8951,4.8761,8.4801,9.3161,10.9629,10.7936,9.4406,6.4844,9.9792,10.6746,11.2331,8.6358,10.2012,10.0454,10.8075,7.2703,10.4339,7.7771,11.193,10.538,10.7357,10.1448,11.4814,10.7456,11.3212,11.0527,4.3643,10.6996,9.3652,9.9209,11.2045,11.4152,11.0272,11.175,6.1232,10.3544,6.6189,10.7443,6.4577,10.7657,10.067,10.3937,10.6377,5.5682,10.3496,10.7306,4.4457,10.1731,8.8738,9.6706,10.8341,10.5765,5.8351,10.0709,11.0689,10.0907,10.8432,10.5099,9.7551,10.1422,10.2536,10.7816,11.2061,11.1532,9.562,10.0541,10.5788,11.205,9.5035,10.2462,10.7279,8.8164,11.179,9.7704,6.2598,10.8349,10.7157,5.1259,10.9103
SLC17A4,8.8359,7.403,7.6627,6.7589,5.3536,6.8899,8.2923,6.7306,8.4539,6.7637,6.2805,7.9963,8.3464,7.4557,4.3615,5.9384,7.3554,7.9834,8.4684,7.6991,7.403,7.6662,8.5354,7.6233,6.929,8.4648,6.9493,8.3174,6.7728,7.9398,8.1087,8.1423,8.459,3.7919,7.9207,7.2432,7.5116,7.8573,8.0196,7.9727,8.7384,7.6047,7.2639,7.0895,8.0152,6.2569,8.3184,6.8516,7.0617,7.9434,4.8226,8.1774,7.9173,5.5233,7.0998,7.2935,6.6342,8.5358,7.3664,5.8289,6.9899,7.7843,7.4443,7.2138,7.7726,7.4794,8.5325,7.1636,8.0637,7.8671,8.4298,7.0384,6.7436,8.3457,8.2391,6.7362,7.2175,8.0254,8.1467,8.2583,7.7759,3.7713,7.2081,8.7207,6.6238,7.7142
SLC23A3,8.3328,7.3572,7.5172,6.7869,4.8759,6.0707,9.3496,6.3013,8.0749,6.4991,6.5907,8.1748,8.9115,6.5554,4.9833,7.2352,7.3528,8.8894,5.502,6.54,6.2676,8.6886,7.2396,7.3614,5.9272,9.3459,7.5368,8.4288,7.9387,8.4597,8.9348,8.6395,9.4578,4.4998,8.8459,8.1633,7.7881,8.8812,8.7429,8.7348,9.1179,7.5025,6.85,5.7352,8.6419,5.428,9.076,7.2246,8.1711,8.3389,4.664,8.7579,8.3884,5.6796,7.4222,6.2627,5.8759,8.734,8.2206,5.1604,7.2349,7.8933,7.7266,8.3706,8.8046,6.7523,6.1606,7.2723,7.9597,9.012,9.0986,7.2562,5.6557,6.9896,9.2544,6.6217,7.3443,8.1852,7.1959,8.279,8.0103,4.7504,8.3914,9.265,5.5355,8.6351
SLC36A1,9.3872,9.2144,9.369,8.0573,7.9057,8.1614,9.2396,8.4103,8.4951,7.9316,8.6344,9.5482,9.5173,8.2667,6.3931,8.3552,8.5035,9.3791,9.0228,8.6251,8.788,9.1546,8.1449,8.4928,7.5515,9.6434,8.7097,8.868,8.759,9.3254,9.3509,9.8166,9.4743,7.7326,9.312,8.4415,8.5076,9.7025,9.6349,9.1353,9.4885,8.4433,8.4031,8.1481,9.0447,6.7562,8.7807,8.7068,9.0797,9.0859,7.1966,9.3692,9.2149,6.8994,8.3096,8.2243,8.4087,9.7264,8.7306,6.9529,8.4522,8.6763,8.5784,8.8912,9.0087,9.071,8.1357,8.3919,8.6033,9.0085,9.383,8.3192,8.3476,9.1077,9.5526,8.069,8.7294,8.7985,8.2825,9.4227,8.502,7.4098,8.6952,9.1354,6.7996,9.2986
SLC39A5,8.6821,8.356,8.5115,7.6899,5.6007,8.0001,9.0301,7.6099,7.9373,7.9647,7.2375,8.6441,8.8983,8.1865,5.4578,7.4588,7.9298,9.0927,7.9944,8.2769,7.4927,8.8097,7.8205,8.0655,7.5537,9.1964,8.7173,8.6229,8.041,8.2533,8.9374,8.9254,9.0791,5.4376,8.3103,7.8509,8.2902,9.0153,8.4859,9.0268,8.8396,8.133,8.6424,7.5942,8.2049,6.7092,8.662,7.9158,8.246,7.7949,4.2891,8.8462,8.7484,5.3759,8.0731,7.5433,6.6732,8.3836,7.9528,7.0095,7.4593,8.6031,8.1421,9.0523,8.7729,8.5684,7.6311,7.6997,8.7723,9.0693,8.9075,8.1135,7.8317,8.9111,8.6246,7.9561,8.0988,8.8907,8.4674,9.1872,8.5414,5.7268,8.3347,8.2198,6.9677,9.0522
SLC3A1,9.5578,9.3094,9.612,8.836,7.5904,8.4281,9.5587,9.2045,7.8649,8.3679,8.5353,9.6974,9.6482,9.0215,6.0725,8.3146,9.4094,9.9403,8.0939,9.1901,8.3415,10.1513,8.5663,8.7783,7.4203,9.5887,9.0034,9.6424,8.5927,9.7469,9.8676,10.1232,9.596,5.2135,9.3823,9.5266,9.1506,9.5429,9.4979,9.1048,9.827,8.4679,8.8586,6.6523,9.1556,7.124,9.4154,8.7074,9.1005,9.2504,6.579,9.2258,9.3406,6.0011,9.1458,8.5733,7.9659,9.4568,9.266,6.4812,9.2597,9.1709,9.3173,9.2452,9.6519,9.2484,8.1722,8.9065,9.0965,9.5076,9.5974,8.4411,9.0722,9.7355,10.0021,8.308,9.0276,9.3054,8.5499,9.2314,9.7049,5.7883,9.365,9.8962,5.9885,9.2544
SLC46A3,9.6155,9.1069,8.7819,8.9071,7.2452,8.9791,9.1772,8.7283,8.8273,8.8632,8.8512,9.5425,8.8991,8.9746,6.1937,8.8035,9.1057,9.3103,7.9492,8.5998,8.9227,9.356,8.9182,8.6231,8.597,9.2418,9.1238,9.2594,9.2104,8.9448,9.2165,9.7682,9.7453,5.8715,9.1619,8.8999,8.9616,9.1508,9.3835,8.8605,9.8472,8.1726,8.8015,8.312,9.5879,8.3427,9.2107,8.5813,9.0549,9.4134,6.7099,9.4073,9.6773,8.0283,8.6805,8.5953,7.4355,9.1256,9.288,8.014,8.8695,8.7692,9.2578,9.2778,9.1055,9.095,7.5957,8.7066,9.6978,9.2403,9.4766,9.0011,8.4935,9.301,9.3549,8.8779,8.7048,8.8366,8.5831,9.5596,9.0042,6.569,9.2079,9.961,8.1066,9.222
SLC5A1,10.531,9.795,10.668,9.537,7.9018,9.1839,9.9317,9.3064,5.691,9.401,8.8646,10.649,10.2424,9.9347,7.032,9.4286,9.9057,10.4945,6.9912,9.4968,9.706,9.5468,7.1208,9.3794,7.8786,10.0409,9.5863,9.8361,10.0318,10.6284,9.8901,10.1189,9.5128,4.0441,10.0525,9.5076,9.5355,10.1997,10.8605,9.4534,10.2381,6.7788,9.8368,7.6002,9.878,7.5624,10.2327,9.6066,9.8157,10.1406,4.5654,9.5781,10.1272,7.4637,9.6382,9.3308,9.2421,9.5892,10.326,8.0337,9.9155,10.2305,10.115,10.2112,10.2514,9.9223,6.946,9.2461,9.4785,10.1201,10.2771,9.5418,9.3007,10.3934,10.2763,9.501,10.2081,10.2109,7.9927,10.1654,9.5583,6.8583,9.7298,10.013,7.9977,10.0845
SLC5A12,8.9783,8.9188,8.8283,7.6278,2.7028,5.8055,8.9558,4.0499,2.842,2.8016,3.2332,8.9227,8.692,4.035,2.9884,7.0611,8.9089,8.8756,3.14,7.5586,3.0613,9.1669,3.4598,6.5207,3.0731,8.8845,8.2575,8.4517,8.3522,8.7466,9.2364,9.4565,9.0433,2.5665,8.9638,6.1867,7.8328,8.8443,9.199,8.4807,9.2299,2.525,6.8267,2.7646,9.3413,2.3861,9.036,7.9438,8.7159,7.9135,2.4461,9.0417,9.1984,2.9293,7.2326,2.4543,5.5831,8.4373,8.4153,3.1399,7.502,8.2577,6.8522,8.8657,8.7261,7.9243,3.6896,5.7051,9.1493,8.9809,9.4948,6.1456,3.6078,8.0063,9.3196,4.9265,7.1869,8.6584,3.3499,9.3335,5.518,2.9635,9.2889,9.5038,2.804,9.4702
SLC6A19,9.4478,9.1372,9.4574,8.0302,6.4926,7.3468,9.8012,8.5804,4.3658,6.903,9.1054,9.2993,9.342,7.4707,5.115,8.7325,8.7174,9.4199,6.5912,7.8519,7.815,9.4823,4.0091,8.744,4.5375,9.5559,8.787,9.1191,8.498,9.9442,9.4877,9.8939,9.894,4.0681,9.0839,8.896,9.3439,9.5043,9.4326,9.0422,9.6879,4.7526,8.8097,3.9077,9.3792,4.826,9.3189,8.3674,9.318,8.8915,3.2687,9.719,9.063,3.5481,8.6092,8.1225,8.2035,9.1838,9.3067,4.6517,8.6695,8.7433,9.432,9.3687,9.4512,9.088,7.0031,8.6608,8.9498,9.445,9.449,7.8775,8.3652,8.6394,9.359,8.1056,8.5343,9.1535,7.6216,9.5662,8.6396,4.6937,9.4292,9.2259,3.1213,9.634
SLC6A4,9.4835,8.5866,9.1067,6.522,3.7917,7.1254,9.4473,7.2622,4.0392,3.7525,5.4405,9.3436,8.689,4.4195,3.6453,7.8063,7.8154,9.3313,3.1337,6.5596,4.1415,8.7519,4.0897,7.3647,3.4406,8.7568,7.4752,9.0462,7.799,9.049,9.3889,9.3709,9.1803,3.6257,8.8966,7.5524,6.9362,8.6527,9.3244,8.284,9.2588,3.3842,6.4033,3.5996,8.5862,3.7579,8.632,7.8421,8.5225,7.2053,3.6119,8.6166,9.1453,3.5958,7.1841,3.3141,6.037,9.1955,8.6878,3.7598,7.2789,8.3776,7.4899,8.4519,8.8693,7.3498,3.9743,6.1492,8.3186,9.3952,9.3083,7.0437,4.9365,8.2146,9.5859,5.1129,7.857,8.4665,4.7035,8.8011,6.2983,3.8664,8.1948,9.6574,3.2619,9.1539
SLC7A9,10.0073,8.907,9.9754,8.511,7.6638,8.2936,10.0936,8.9384,4.1763,7.2342,8.2536,8.7257,9.9168,8.3902,4.2187,8.138,9.3415,10.1185,4.0888,9.384,9.1152,10.0637,6.358,9.2181,6.1418,9.8627,9.5128,9.8688,8.8776,10.011,10.1155,10.0515,10.1148,3.8252,9.7804,9.7789,9.2005,10.2382,9.8947,9.4302,10.6008,3.3773,9.383,3.464,10.111,4.0446,9.879,8.8577,9.5388,9.7643,3.4023,10.2305,9.5666,3.779,9.0166,4.8716,8.2887,9.6245,10.4038,4.4064,9.1532,9.8588,9.8787,8.9899,9.6626,9.4503,4.0382,9.4765,9.1194,10.4573,10.0349,8.1322,8.9721,9.6546,10.1264,8.2026,8.5275,9.4373,6.5354,9.3547,7.2357,3.8528,9.2983,10.2642,4.2545,9.4731
SLC9A3R1,10.0454,9.8065,9.5927,8.9527,8.4127,8.9091,10.2893,9.0167,9.1754,8.7604,9.3996,9.7783,9.9466,9.2723,8.1985,9.3552,9.0246,10.1021,8.956,8.8334,9.2422,9.8069,9.3686,9.5556,8.6191,9.9811,9.0954,9.8748,9.3837,9.8723,9.6095,9.9396,10.2539,7.0778,9.6681,9.7708,9.2974,9.9212,10.1094,9.7604,10.0323,8.6441,9.287,8.2997,9.6562,8.4732,9.8195,9.2301,9.7886,9.56,7.452,9.7862,9.8494,7.92,9.1445,8.9559,8.4772,9.971,9.9799,8.1817,9.1492,9.6643,9.9165,9.0737,9.8891,9.4495,9.3578,9.1439,9.3455,10.3657,9.6737,9.0458,9.2154,9.7747,9.8096,9.0993,8.9871,9.5807,8.9703,10.4249,8.9266,8.5659,9.1987,9.8,8.169,9.9363
SMPD3,7.537,6.6399,6.9241,6.2711,4.6118,6.0559,7.9281,6.183,5.9494,6.2497,6.2527,6.8714,7.0958,6.344,5.6892,7.3541,5.7678,7.262,6.2308,5.6698,6.2504,6.5453,5.5084,6.378,5.6714,7.5592,6.0794,6.9524,5.781,7.0422,6.8174,6.7613,6.8888,3.7249,6.6256,6.1316,5.9406,7.2432,6.6369,7.2821,7.2605,5.726,6.5953,4.7725,6.5103,5.7023,6.3388,5.8366,6.5551,5.8401,4.0737,6.5266,6.9435,4.3567,6.6015,6.1886,5.7216,7.3774,6.3588,4.4015,6.1576,5.8734,6.4274,6.4185,7.5729,6.9679,6.3459,6.4033,6.0029,7.2901,6.4531,6.1501,5.4487,7.2458,6.6321,6.4102,6.0235,6.6785,6.4884,7.6109,6.849,4.9874,6.3431,6.3647,5.2454,7.1017
SPINT1,9.0524,8.3933,8.8156,8.1122,7.2528,7.8478,9.1633,8.2348,8.8233,8.4042,8.2755,8.7139,8.8753,8.5748,8.2008,8.8729,7.7491,9.0435,8.7106,8.0022,8.6476,8.4756,8.8843,9.1488,7.9959,9.1001,8.3148,8.7186,8.1941,8.9843,8.884,8.9217,9.1803,5.0116,8.6519,8.6516,8.1186,8.8167,9.0393,8.8007,9.2394,8.5441,8.614,8.11,8.5018,7.6374,8.7246,7.5976,8.4232,8.3163,6.0603,8.8359,8.725,7.2528,8.0438,8.5912,7.6834,8.6276,8.8255,7.4198,7.7001,8.681,9.1635,8.1379,8.9265,8.6685,9.2158,8.2879,8.3651,9.3255,8.8179,8.3353,8.3964,8.9516,8.6611,8.3653,8.2379,8.7436,8.8921,8.8927,9.0371,8.1626,8.2194,8.2814,7.6596,8.8217
SSBP1,6.1776,5.4162,5.3619,5.5511,5.2565,5.7811,5.7654,4.6152,5.8637,5.388,5.7847,5.5871,5.4088,5.834,4.4339,5.2294,5.6005,5.2084,5.6232,5.3946,4.8474,5.9323,5.3171,5.5817,5.0888,5.6527,5.4479,5.8409,5.5755,4.6624,5.249,5.4374,5.5147,5.4326,5.4737,5.0745,5.6247,5.762,5.2861,5.4278,5.6567,5.7279,4.3272,5.4074,4.9677,5.0357,5.4402,5.5056,5.3548,5.6549,5.4648,5.7406,5.2687,5.528,5.2561,4.9751,4.3567,5.0097,5.2746,6.1463,5.9196,5.6048,5.2349,5.2723,5.3671,5.6139,5.1119,5.068,5.1996,6.1966,5.5258,5.7355,5.4082,5.1962,5.5782,5.3663,5.7207,5.1072,5.9581,5.6079,5.0475,6.2647,5.5858,6.7162,4.6522,5.6263
ST14,8.3497,8.3936,8.5263,8.4182,7.5876,8.1846,9.0307,8.3912,9.3965,8.5264,8.6985,8.3307,8.7511,8.3595,8.321,8.6842,7.3756,8.9624,9.0329,8.5675,8.9859,8.1726,9.1701,9.1359,9.0953,9.2113,8.375,8.8431,8.2275,8.8788,8.6413,8.9523,8.9382,4.7431,8.6086,8.0917,8.2475,8.9196,8.6717,9.0224,8.9482,9.1032,8.8257,9.0318,8.4931,8.8781,8.3246,7.6884,8.6817,8.7282,5.4873,8.701,8.706,7.8866,8.2164,8.9058,7.1483,9.394,8.9741,8.5877,7.4043,8.7768,8.9033,8.434,9.1279,9.0053,9.1121,8.0669,8.4456,9.0593,8.4462,9.0188,8.6307,8.8578,8.8381,8.4204,8.2595,8.4708,9.3823,9.3958,9.2637,8.7244,8.1853,8.2888,8.305,8.9137
SUCLG1,9.8959,9.7611,9.3492,9.0934,8.5245,9.4633,9.8022,9.0839,9.4207,9.1332,9.2539,9.5536,9.7609,9.5753,8.9882,9.2827,9.5483,9.8998,9.7762,9.6205,9.548,9.6179,9.6894,9.4215,9.4079,9.5733,9.4761,9.7907,9.4876,9.7403,9.9506,9.9217,9.7171,8.2201,9.4505,10.1631,9.5166,9.9787,9.8822,9.6014,9.7288,9.3174,9.3729,9.435,9.9839,8.7321,10.0015,9.4155,9.6488,9.368,7.9986,9.4678,9.4779,9.0928,9.7296,9.5049,8.5564,9.9141,10.1232,9.2983,9.4393,9.5424,9.4095,9.5998,9.886,9.3976,9.5133,9.3189,9.6324,9.7418,9.7909,9.6293,9.1595,9.7715,9.8125,9.573,9.4696,9.8746,9.6656,9.4628,9.776,8.9047,9.5143,9.7081,9.1102,9.8403
SUSD2,8.7973,8.7789,9.7003,7.414,4.9911,6.0817,9.1846,7.2557,4.4622,5.8105,6.8579,8.2797,9.4889,5.5135,4.3242,7.9854,8.6894,9.0458,4.7083,8.3963,5.2392,9.0746,4.7249,7.3446,4.3922,9.686,8.6279,9.1888,7.5003,9.1739,8.783,8.3011,9.7156,4.9092,9.1177,9.3004,7.3801,8.9988,9.5613,9.6774,9.6601,3.8814,8.4249,3.9826,8.646,4.0525,9.47,8.6923,9.4442,8.549,3.8102,9.2995,8.7106,4.5002,7.6011,4.5624,8.1099,9.034,9.1146,4.4988,7.6004,9.3263,8.9035,8.6287,9.1123,8.3356,5.0628,7.831,8.3907,9.7087,8.8146,8.2571,7.0713,8.3416,9.4483,6.8904,7.7963,8.5412,5.1016,8.7506,7.1141,4.4399,8.8109,9.6047,4.2632,9.0746
TDP2,9.9405,9.2486,9.8648,8.7433,8.6277,8.8048,10.0411,8.8107,9.5896,8.8628,8.9058,9.6435,10.0452,9.3877,7.9054,8.2195,9.7527,10.2633,10.0288,9.2238,9.6341,9.5376,10.1065,9.7197,9.4243,9.8106,9.4774,9.6472,9.4826,9.925,10.1404,10.3199,9.8978,7.8388,9.4727,9.7968,9.2924,10.1449,9.7571,9.9989,9.9273,9.3788,9.4575,9.396,9.6367,8.0709,9.9113,9.1676,9.3592,9.5426,7.9743,9.6828,9.9106,8.7401,10.128,9.5921,8.6187,9.673,9.6253,8.6342,9.1732,9.6574,9.245,9.9743,9.7719,9.2324,10.1379,9.5544,9.9517,10.0292,9.9853,8.8924,9.2479,9.6776,10.0758,9.0292,8.8812,9.8299,9.7291,9.3888,10.0509,7.4711,9.4876,10.0929,8.5293,9.8951
TMBIM6,10.035,9.3552,9.7129,9.4743,8.8653,9.3846,10.0067,9.1538,9.6308,9.3122,9.3192,9.5145,9.742,9.6464,9.4123,9.6725,9.5226,9.9398,9.7328,9.3737,9.5247,9.7565,9.7199,9.6528,9.4648,10.0114,9.4593,9.8286,9.549,9.7815,9.88,10.2206,10.0083,8.7675,9.7395,9.6923,9.5665,10.1588,9.9084,9.6685,9.9724,9.6186,9.3393,9.4932,9.8695,9.538,9.806,9.6568,9.5233,9.667,8.7716,9.58,9.6803,9.3842,9.3808,9.484,8.9176,9.7816,9.7713,9.1127,9.2429,9.7575,9.7818,9.9582,9.8434,9.4488,9.7787,9.4602,9.7624,9.9075,9.8835,9.5138,9.3046,9.8445,10.0274,9.4939,9.3386,9.9044,9.6194,9.8341,9.6734,9.2502,9.6778,9.8065,9.2663,9.9084
TOR1AIP2,8.7115,8.0795,8.641,7.687,6.7356,8.0806,9.1861,7.4206,6.2803,7.3713,7.6392,8.6237,8.1691,7.9015,6.9221,7.8254,8.1694,8.9268,7.0455,8.0725,8.1377,8.1977,6.2253,7.8808,6.7199,8.2039,8.3395,8.5551,7.5276,8.7997,9.0806,8.8828,8.9014,6.3104,8.3838,4.6627,7.9856,8.7026,8.748,8.719,9.1765,7.6902,8.3046,6.5378,8.9622,6.8654,8.617,7.9788,7.7018,8.3454,6.9205,8.7053,9.2161,6.9294,6.9798,7.6118,7.6327,8.6021,7.1997,7.1382,7.6457,8.3489,8.2549,9.0005,8.8716,8.123,6.6822,7.84,8.774,9.2382,9.0192,7.3718,7.4911,8.5168,8.4849,7.4411,7.7443,8.639,7.8717,8.4071,8.0494,6.9555,8.6299,8.4454,7.1944,8.7318
TRIM36,6.9085,6.5322,6.4658,6.4147,4.969,6.5051,7.2709,6.198,6.4371,6.1339,6.552,7.5821,6.4993,6.7714,4.0059,5.0896,5.9877,6.744,6.4411,6.8111,7.301,6.4346,6.9003,6.6442,6.5501,6.9357,6.564,6.6728,6.8161,6.6044,7.6102,7.2024,6.9313,3.2508,6.2554,6.216,6.1895,7.2548,7.2604,6.6139,7.075,6.059,6.4884,5.1252,7.0473,5.9351,7.1516,5.5162,6.3178,7.3331,3.1275,6.44,7.1551,5.2002,7.901,6.6253,5.0882,7.3829,6.2344,5.7272,6.0433,6.7833,6.5382,7.0725,6.9059,6.6401,7.1769,6.8069,7.2266,7.0966,7.2527,6.0325,7.1027,6.5184,7.7408,6.5074,6.2017,6.5216,6.8279,6.6024,7.0604,3.9886,6.4431,8.0498,5.479,6.5399
TRPM6,7.8761,7.1402,6.8508,4.3561,4.2638,5.502,7.8883,6.2158,7.7053,4.4932,3.9883,7.3881,8.2586,4.7382,2.9394,4.8042,7.3646,8.0461,8.825,5.9503,4.3839,7.9958,7.4954,5.9155,4.5265,7.3082,7.058,7.2815,5.9146,7.6582,8.1554,8.5655,8.2296,3.8144,7.5599,6.0855,6.2642,8.4779,7.2511,7.6609,8.2659,6.1461,6.3182,7.2408,7.102,3.8231,7.3826,5.7929,6.9111,7.1448,4.1725,7.536,7.3008,2.5394,5.7237,7.7834,6.2232,7.0453,7.4965,5.7522,6.3551,7.1594,5.844,7.3466,6.8675,6.5498,9.074,5.9779,7.0467,7.7523,8.4709,6.403,4.7344,7.4397,8.0234,4.4193,4.921,7.5037,6.3537,7.641,7.459,3.9714,7.6412,8.3336,3.6587,7.815
TSPAN3,6.4729,4.8882,5.7738,5.9367,4.9564,5.825,6.4426,4.7781,5.8959,5.5662,5.2539,5.7433,6.4315,5.7347,5.7271,5.7646,6.2837,6.0587,6.4732,5.4296,6.216,5.9253,4.1788,5.9295,6.8266,6.5617,5.722,5.9641,4.9058,5.6173,6.145,6.6375,6.7719,4.922,6.1335,4.1594,5.6665,6.2229,5.6281,5.6079,6.2828,5.9675,5.2774,5.6656,6.1751,4.7813,5.9687,6.0923,4.7633,5.8197,5.7372,5.8897,6.2785,5.3827,5.5169,5.8235,5.8924,6.2244,4.4284,5.7088,4.7056,5.712,6.0117,5.9738,6.1423,5.9475,6.7563,5.9988,5.5135,6.0757,5.8271,6.1079,5.8913,5.579,5.9154,5.4259,5.8789,5.2382,6.3319,6.3513,6.2727,6.2309,5.9478,6.1023,5.2568,6.1843
TUBAL3,8.9688,8.0054,8.8145,7.133,5.8603,7.3485,8.651,7.1756,7.6679,6.3947,7.4443,8.7062,8.5873,7.4757,4.9032,7.3064,7.6216,8.9031,8.3445,7.9715,8.1549,8.0951,8.7088,8.3275,6.7229,9.1107,7.9381,8.753,8.2252,9.2736,9.0351,8.8974,8.7778,3.7403,8.295,9.1481,7.6948,8.8075,9.1366,8.3334,8.8904,7.3538,8.6528,6.6607,9.0324,6.1286,8.4073,7.0094,9.142,8.1145,4.1447,8.2996,8.3721,5.7085,8.6811,6.785,6.1616,8.7298,8.4743,6.118,7.4511,7.7485,8.1206,8.0507,9.032,8.2238,9.063,7.7407,8.4384,8.9582,9.0296,6.7926,7.8265,8.3407,9.0916,7.4904,7.4001,8.586,7.9655,8.6643,8.1882,4.7941,8.5033,8.7631,5.716,8.7277
UCK2,8.1036,7.0759,7.0962,7.3921,6.991,7.0065,8.4016,7.0904,7.8225,7.0948,7.2926,7.7262,8.1531,7.4052,7.3814,7.31,7.2911,7.7522,8.1893,7.0969,7.0854,7.623,6.9378,7.5449,6.9673,7.8289,7.3349,7.7896,6.9745,8.3007,8.1156,8.1743,8.2259,6.912,7.6206,7.4259,7.4076,8.2829,7.8304,7.8483,8.1338,7.4438,6.7179,7.4389,8.2694,7.3043,8.0493,7.4257,7.6221,7.4223,6.8828,7.9793,7.8283,7.1003,7.019,7.3658,6.9034,8.0024,7.8644,7.1376,7.1206,7.8433,7.3948,7.2344,7.9366,7.5138,8.2555,6.9064,7.7632,8.4503,7.7135,7.3671,7.317,7.491,7.8898,7.0916,7.3764,7.9885,7.7304,7.9813,8.087,7.7909,7.6373,7.8136,6.3521,8.1359
USH1C,9.9111,9.3008,9.6576,9.2399,8.4314,9.2992,9.9222,9.1611,9.4235,9.4965,9.376,9.7614,9.8027,9.2652,9.1243,9.5752,8.9764,9.9037,9.4521,9.5104,9.6839,9.0766,9.7478,9.6537,9.4645,9.8423,9.6736,9.9181,9.5097,9.6067,9.687,9.879,10.0977,4.192,9.5891,9.797,9.3572,9.7454,9.8362,9.8285,9.6611,9.6313,9.6008,8.9866,9.646,9.0705,9.7441,9.0574,9.567,9.4383,5.7669,9.6271,9.6521,8.7763,9.1845,9.4801,8.0755,9.472,9.5956,8.914,9.2012,9.5676,9.4639,9.7506,9.8976,9.6209,9.6234,9.197,9.6203,9.9426,9.5806,9.2393,9.2775,9.7841,9.7095,8.9588,9.3865,9.7869,9.6018,9.8758,9.6773,8.8041,9.4672,9.3025,9.0185,9.7169
VDR,7.5833,7.3412,7.2066,6.2749,6.3813,7.3245,8.5064,6.5955,7.3908,6.6293,7.6634,7.4604,7.903,7.4321,5.5257,7.1254,6.7253,8.1842,6.9539,7.6177,7.6991,7.3756,6.3563,7.8416,6.884,7.861,7.3872,8.0347,7.2004,8.8069,7.6132,7.3616,7.6349,6.2758,7.6123,5.654,7.453,8.012,7.5851,7.707,7.9203,7.3583,7.7426,6.6346,8.1198,6.307,7.8597,6.6632,8.1898,7.0,6.2975,7.4817,7.6654,6.3227,6.611,7.6602,6.187,7.4502,7.8454,6.5203,7.4426,7.32,7.2893,7.4096,8.351,7.4953,8.3358,7.4296,7.4129,7.9078,7.8991,7.2775,7.1217,7.334,7.9745,7.1452,7.3994,7.6686,7.5943,7.7757,8.0096,6.671,7.4873,6.7827,6.1195,8.0055
VIL1,10.4697,9.9375,10.2688,9.0192,8.1765,9.3941,10.1299,9.0701,9.3485,8.8316,9.4161,10.4654,10.2336,9.28,7.6327,9.1029,9.535,10.5187,9.6608,9.3632,9.5194,10.1714,9.239,9.5948,9.0613,10.2674,9.8457,10.2575,9.7138,9.9144,10.1089,10.4079,10.453,5.1696,9.9349,9.7111,9.3874,10.2833,10.3762,10.0124,10.3224,9.0569,9.4378,9.2565,10.2591,8.7157,10.26,9.6006,9.8815,9.6855,5.7581,10.038,10.0832,8.3245,9.8752,9.12,8.4463,10.0279,10.229,8.6442,9.4203,9.8653,9.7305,9.9576,10.0315,9.3949,9.5603,9.2406,10.1323,10.4284,10.1778,9.2803,9.5992,10.0659,10.4152,8.9179,8.9175,10.0888,9.5955,10.4171,9.4937,7.9739,9.8334,10.4688,8.1677,10.1786
XPNPEP2,9.8708,8.6703,9.0283,8.9077,4.6166,8.5733,9.9303,7.267,4.8981,6.8203,7.5072,9.7467,9.715,7.5219,3.1794,8.4277,9.1756,9.1772,5.4429,8.1872,6.9823,9.2105,4.4426,8.2562,4.8918,9.7627,8.4383,9.5672,8.3119,9.6722,9.6039,10.0923,10.1522,3.0787,9.4435,7.4947,8.796,9.6667,9.7714,9.7825,9.7661,4.403,8.9529,3.0598,9.6784,2.9352,9.5171,8.0814,9.3887,9.1519,2.8681,9.7817,8.9877,2.8969,8.096,6.4961,8.255,9.214,9.2962,4.0014,8.6591,9.3147,8.3788,9.0506,9.8014,9.2728,4.7521,8.5104,9.1301,9.8099,9.4258,8.6419,6.9208,9.236,9.4008,7.9734,8.4846,9.4271,3.9345,9.5632,8.2292,3.0895,9.3998,9.4681,3.2338,9.5134
